player_id,match_date,minutes_played,goals,assists,shots,passes_completed,key_passes,rating
P001,2026-04-18,91,0,0,2,64,2,8.44
P001,2026-04-25,85,0,0,1,62,0,8.09
P001,2026-05-02,92,0,0,2,63,1,8.26
P001,2026-05-09,86,0,0,1,61,2,7.66
P001,2026-05-16,93,0,0,1,60,0,7.45
P001,2026-05-23,87,0,0,1,61,1,7.74
P001,2026-05-30,94,0,0,1,60,2,7.49
P001,2026-06-06,88,0,0,1,62,0,7.93
P001,2026-06-13,82,0,0,2,64,1,8.46
P001,2026-06-20,89,0,0,2,63,2,8.28
P001,2026-06-27,83,0,0,2,65,0,8.62
P001,2026-07-04,90,0,0,2,64,1,8.4
P001,2026-07-11,84,0,0,1,61,2,7.79
P001,2026-07-18,91,0,0,1,61,0,7.8
P001,2026-07-25,85,0,0,1,60,1,7.47
P001,2026-08-01,92,0,0,1,59,2,7.26
P001,2026-08-08,86,0,0,1,62,0,7.9
P001,2026-08-15,93,0,0,1,62,1,7.86
P001,2026-08-22,87,0,0,2,63,2,8.25
P001,2026-08-29,94,0,0,2,64,0,8.6
P001,2026-09-05,88,0,0,2,63,1,8.31
P001,2026-09-12,82,0,0,2,64,2,8.38
P001,2026-09-19,89,0,0,1,63,0,8.16
P001,2026-09-26,83,0,0,1,60,1,7.5
P001,2026-10-03,90,0,0,1,61,2,7.68
P002,2026-04-19,93,0,0,1,64,0,7.56
P002,2026-04-26,87,0,0,1,63,1,7.4
P002,2026-05-03,94,0,0,1,63,2,7.38
P002,2026-05-10,88,0,0,1,61,0,6.9
P002,2026-05-17,82,0,0,1,63,1,7.31
P002,2026-05-24,89,0,0,1,64,2,7.51
P002,2026-06-07,90,0,0,2,67,1,8.22
P002,2026-06-14,84,0,0,2,66,2,8.13
P002,2026-06-21,91,0,0,1,65,0,7.82
P002,2026-06-28,85,0,0,2,66,1,7.93
P002,2026-07-05,92,0,0,1,63,2,7.23
P002,2026-07-12,86,0,0,1,62,0,7.01
P002,2026-07-19,93,0,0,1,63,1,7.28
P002,2026-07-26,87,0,0,1,62,2,7.02
P002,2026-08-02,94,0,0,1,64,0,7.5
P002,2026-08-09,88,0,0,2,66,1,7.97
P002,2026-08-16,82,0,0,2,65,2,7.8
P002,2026-08-23,89,0,0,2,66,0,8.16
P002,2026-08-30,83,0,0,2,66,1,8.07
P002,2026-09-06,90,0,0,1,64,2,7.51
P002,2026-09-20,91,0,0,1,62,1,7.13
P002,2026-09-27,85,0,0,1,62,2,6.93
P002,2026-10-04,92,0,0,1,63,0,7.39
P003,2026-04-20,82,0,0,1,63,1,6.28
P003,2026-04-27,89,0,0,1,64,2,6.51
P003,2026-05-04,83,0,0,1,64,0,6.47
P003,2026-05-11,90,0,1,1,64,1,6.46
P003,2026-05-18,84,0,0,2,66,2,7.0
P003,2026-05-25,91,0,0,2,67,0,7.19
P003,2026-06-01,85,0,0,2,67,1,7.26
P003,2026-06-08,92,0,0,2,68,2,7.52
P003,2026-06-15,86,0,1,1,65,0,6.9
P003,2026-07-06,94,0,0,1,62,0,6.11
P003,2026-07-13,88,0,0,1,64,1,6.49
P003,2026-07-20,82,0,1,1,65,2,6.68
P003,2026-07-27,89,0,0,1,65,0,6.76
P003,2026-08-03,83,0,0,2,68,1,7.43
P003,2026-08-10,90,0,0,2,67,2,7.3
P003,2026-08-17,84,0,0,2,66,0,7.13
P003,2026-08-24,91,0,1,2,67,1,7.28
P003,2026-08-31,85,0,0,1,64,2,6.64
P003,2026-09-07,92,0,0,1,63,0,6.39
P003,2026-09-14,86,0,0,1,64,1,6.57
P003,2026-09-21,93,0,0,1,63,2,6.18
P003,2026-09-28,87,0,1,1,65,0,6.68
P003,2026-10-05,94,0,0,2,66,1,7.14
P004,2026-04-21,84,0,0,2,67,2,6.68
P004,2026-04-28,91,0,1,2,69,3,7.24
P004,2026-05-05,85,0,0,2,69,4,7.14
P004,2026-05-19,86,0,0,3,72,2,8.0
P004,2026-05-26,93,0,0,3,70,3,7.58
P004,2026-06-02,87,0,1,3,70,4,7.63
P004,2026-06-09,94,1,0,2,70,1,7.39
P004,2026-06-16,88,0,0,2,67,2,6.69
P004,2026-06-23,82,0,0,2,67,3,6.87
P004,2026-06-30,89,0,0,2,67,4,6.8
P004,2026-07-14,90,0,0,3,70,2,7.53
P004,2026-07-21,84,0,0,3,70,3,7.55
P004,2026-07-28,91,0,0,3,71,4,7.66
P004,2026-08-04,85,1,0,3,72,1,7.93
P004,2026-08-11,92,0,1,2,70,2,7.42
P004,2026-08-18,86,0,0,2,69,3,7.26
P004,2026-08-25,93,0,0,2,69,4,7.15
P004,2026-09-08,94,0,0,2,68,2,6.92
P004,2026-09-15,88,0,1,2,68,3,7.05
P004,2026-09-22,82,0,0,2,68,4,7.12
P004,2026-09-29,89,1,0,3,71,1,7.79
P004,2026-10-06,83,0,0,3,71,2,7.75
P005,2026-04-22,86,0,0,1,56,0,6.67
P005,2026-04-29,93,0,0,2,57,1,7.02
P005,2026-05-06,87,0,0,2,57,2,6.97
P005,2026-05-13,94,0,0,2,59,0,7.35
P005,2026-05-20,88,0,0,2,58,1,7.14
P005,2026-05-27,82,0,0,1,56,2,6.58
P005,2026-06-03,89,0,0,1,56,0,6.65
P005,2026-06-10,83,0,0,1,54,1,6.11
P005,2026-06-17,90,0,0,1,54,2,6.03
P005,2026-06-24,84,0,0,1,56,0,6.57
P005,2026-07-01,91,0,0,1,55,1,6.51
P005,2026-07-08,85,0,0,1,57,2,6.92
P005,2026-07-15,92,0,0,2,59,0,7.39
P005,2026-07-22,86,0,0,2,57,1,6.96
P005,2026-07-29,93,0,0,2,58,2,7.11
P005,2026-08-05,87,0,0,1,57,0,6.91
P005,2026-08-12,94,0,0,1,54,1,6.26
P005,2026-08-19,88,0,0,1,55,2,6.42
P005,2026-08-26,82,0,0,1,54,0,6.25
P005,2026-09-02,89,0,0,1,54,1,6.15
P005,2026-09-09,83,0,0,1,57,2,6.84
P005,2026-09-16,90,0,0,1,57,0,6.8
P005,2026-09-23,84,0,0,2,58,1,7.05
P005,2026-09-30,91,0,0,2,59,2,7.39
P006,2026-04-16,94,0,0,2,58,3,6.5
P006,2026-04-23,88,0,0,3,60,4,7.17
P006,2026-04-30,82,1,0,3,60,1,7.13
P006,2026-05-07,89,0,1,3,59,2,6.96
P006,2026-05-14,83,0,0,3,60,3,7.11
P006,2026-05-28,84,0,0,2,57,1,6.27
P006,2026-06-04,91,0,0,2,57,2,6.45
P006,2026-06-11,85,0,1,2,57,3,6.27
P006,2026-06-18,92,0,0,2,59,4,6.79
P006,2026-06-25,86,1,0,3,61,1,7.28
P006,2026-07-02,93,0,0,2,60,2,7.21
P006,2026-07-09,87,0,0,3,62,3,7.67
P006,2026-07-16,94,0,1,3,61,4,7.47
P006,2026-07-23,88,1,0,2,60,1,7.07
P006,2026-07-30,82,0,0,2,60,2,7.19
P006,2026-08-06,89,0,0,2,59,3,6.73
P006,2026-08-13,83,0,0,2,58,4,6.59
P006,2026-08-20,90,1,1,2,60,1,7.09
P006,2026-08-27,84,0,0,2,59,2,6.92
P006,2026-09-03,91,0,0,2,61,3,7.47
P006,2026-09-10,85,0,0,3,63,4,7.96
P006,2026-09-17,92,1,0,3,62,1,7.67
P006,2026-09-24,86,0,1,3,63,2,7.86
P006,2026-10-01,93,0,0,2,62,3,7.69
P007,2026-04-17,83,0,1,2,67,2,8.24
P007,2026-04-24,90,0,0,2,68,0,8.5
P007,2026-05-01,84,0,0,1,65,1,7.85
P007,2026-05-08,91,0,0,1,65,2,7.65
P007,2026-05-15,85,0,0,1,64,0,7.5
P007,2026-05-22,92,0,1,1,61,1,6.85
P007,2026-05-29,86,0,0,1,63,2,7.21
P007,2026-06-05,93,0,0,1,64,0,7.42
P007,2026-06-12,87,0,0,1,64,1,7.4
P007,2026-06-19,94,0,0,2,66,2,8.05
P007,2026-06-26,88,0,1,2,66,0,7.97
P007,2026-07-03,82,0,0,2,65,1,7.69
P007,2026-07-10,89,0,0,2,65,2,7.82
P007,2026-07-24,90,0,0,1,62,1,6.9
P007,2026-07-31,84,0,1,1,62,2,7.0
P007,2026-08-07,91,0,0,1,61,0,6.62
P007,2026-08-14,85,0,0,1,62,1,6.99
P007,2026-08-21,92,0,0,2,63,2,7.35
P007,2026-08-28,86,0,0,1,63,0,7.27
P007,2026-09-04,93,0,1,2,65,1,7.69
P007,2026-09-11,87,0,0,2,64,2,7.4
P007,2026-10-02,82,0,0,1,60,2,6.45
P008,2026-04-18,85,0,0,2,64,0,6.77
P008,2026-04-25,92,0,0,2,64,1,6.63
P008,2026-05-02,86,0,0,1,61,2,5.83
P008,2026-05-09,93,0,0,1,63,0,6.3
P008,2026-05-16,87,0,0,1,62,1,6.07
P008,2026-05-23,94,0,0,1,62,2,6.08
P008,2026-05-30,88,0,0,2,66,0,7.11
P008,2026-06-13,89,0,0,2,66,2,7.25
P008,2026-06-20,83,0,0,2,69,0,7.87
P008,2026-06-27,90,0,0,1,65,1,7.03
P008,2026-07-04,84,0,0,1,66,2,7.18
P008,2026-07-11,91,0,0,1,66,0,7.23
P008,2026-07-18,85,0,0,1,63,1,6.48
P008,2026-07-25,92,0,0,1,66,2,7.08
P008,2026-08-01,86,0,0,1,67,0,7.3
P008,2026-08-08,93,0,0,1,66,1,7.1
P008,2026-08-15,87,0,0,2,70,2,8.18
P008,2026-08-29,88,0,0,1,69,1,7.93
P008,2026-09-05,82,0,0,2,71,2,8.43
P008,2026-09-12,89,0,0,1,68,0,7.66
P008,2026-09-19,83,0,0,1,67,1,7.49
P008,2026-09-26,90,0,0,1,69,2,7.9
P008,2026-10-03,84,0,0,1,67,0,7.39
P009,2026-04-19,87,0,0,2,72,3,8.42
P009,2026-04-26,94,0,1,2,70,4,7.92
P009,2026-05-03,88,1,0,2,69,1,7.71
P009,2026-05-10,82,0,0,2,71,2,8.21
P009,2026-05-17,89,0,0,2,71,3,8.17
P009,2026-05-24,83,0,0,2,73,4,8.6
P009,2026-05-31,90,1,1,3,74,1,9.07
P009,2026-06-07,84,0,0,3,73,2,8.75
P009,2026-06-14,91,0,0,3,74,3,8.86
P009,2026-06-21,85,0,0,2,73,4,8.61
P009,2026-06-28,92,1,0,2,70,1,8.02
P009,2026-07-05,86,0,1,2,71,2,8.17
P009,2026-07-12,93,0,0,2,70,3,7.96
P009,2026-07-19,87,0,0,2,70,4,7.9
P009,2026-07-26,94,1,0,2,72,1,8.46
P009,2026-08-09,82,0,1,3,73,3,8.76
P009,2026-08-16,89,0,0,3,75,4,9.11
P009,2026-08-23,83,1,0,2,72,1,8.57
P009,2026-08-30,90,0,0,2,72,2,8.49
P009,2026-09-06,84,0,0,2,72,3,8.34
P009,2026-09-13,91,0,1,2,69,4,7.7
P009,2026-09-20,85,1,0,2,71,1,8.1
P009,2026-09-27,92,0,0,2,71,2,8.23
P009,2026-10-04,86,0,0,2,71,3,8.23
P010,2026-04-20,89,0,0,1,56,2,6.9
P010,2026-04-27,83,0,0,1,54,0,6.47
P010,2026-05-04,90,0,0,1,57,1,7.05
P010,2026-05-11,84,0,0,2,58,2,7.48
P010,2026-05-18,91,0,0,1,58,0,7.4
P010,2026-05-25,85,0,0,2,60,1,7.88
P010,2026-06-01,92,0,0,2,59,2,7.72
P010,2026-06-08,86,0,0,1,57,0,7.15
P010,2026-06-15,93,0,0,1,58,1,7.3
P010,2026-06-22,87,0,0,1,56,2,6.79
P010,2026-06-29,94,0,0,1,55,0,6.61
P010,2026-07-06,88,0,0,1,57,1,7.03
P010,2026-07-13,82,0,0,1,56,2,6.9
P010,2026-07-20,89,0,0,1,58,0,7.26
P010,2026-07-27,83,0,0,2,60,1,7.76
P010,2026-08-03,90,0,0,2,58,2,7.48
P010,2026-08-10,84,0,0,2,59,0,7.68
P010,2026-08-17,91,0,0,2,58,1,7.46
P010,2026-08-24,85,0,0,1,56,2,6.84
P010,2026-08-31,92,0,0,1,56,0,6.94
P010,2026-09-07,86,0,0,1,55,1,6.72
P010,2026-09-14,93,0,0,1,55,2,6.71
P010,2026-09-21,87,0,0,1,58,0,7.36
P010,2026-09-28,94,0,0,1,58,1,7.34
P010,2026-10-05,88,0,0,2,59,2,7.57
P011,2026-04-21,91,0,0,1,60,0,7.1
P011,2026-04-28,85,0,0,1,60,1,7.15
P011,2026-05-05,92,0,0,2,63,2,7.81
P011,2026-05-12,86,0,0,2,63,0,7.74
P011,2026-05-19,93,0,0,2,62,1,7.56
P011,2026-06-09,88,0,0,1,59,1,6.74
P011,2026-06-16,82,0,0,1,59,2,6.8
P011,2026-06-23,89,0,0,1,57,0,6.39
P011,2026-06-30,83,0,0,1,59,1,6.8
P011,2026-07-07,90,0,0,1,60,2,7.13
P011,2026-07-14,84,0,0,1,60,0,6.94
P011,2026-07-21,91,0,0,2,62,1,7.5
P011,2026-07-28,85,0,0,2,61,2,7.31
P011,2026-08-04,92,0,0,1,59,0,6.74
P011,2026-08-11,86,0,0,1,59,1,6.9
P011,2026-08-25,87,0,0,1,56,0,6.02
P011,2026-09-01,94,0,0,1,58,1,6.49
P011,2026-09-08,88,0,0,1,57,2,6.31
P011,2026-09-15,82,0,0,1,59,0,6.71
P011,2026-09-22,89,0,0,2,60,1,7.0
P011,2026-09-29,83,0,0,2,59,2,6.8
P011,2026-10-06,90,0,0,2,59,0,6.88
P012,2026-04-22,93,0,1,2,64,2,7.58
P012,2026-04-29,87,0,0,3,65,3,7.81
P012,2026-05-06,94,0,0,3,66,4,8.1
P012,2026-05-13,88,1,0,2,64,1,7.61
P012,2026-05-27,89,0,1,2,63,3,7.33
P012,2026-06-03,83,0,0,2,61,4,6.77
P012,2026-06-10,90,1,0,2,62,1,7.07
P012,2026-06-17,84,0,0,2,62,2,7.18
P012,2026-06-24,91,0,0,2,62,3,7.18
P012,2026-07-08,92,1,0,3,65,1,7.8
P012,2026-07-15,86,0,0,3,65,2,7.73
P012,2026-07-22,93,0,0,3,65,3,7.93
P012,2026-07-29,87,0,0,2,63,4,7.3
P012,2026-08-05,94,1,1,2,62,1,7.1
P012,2026-08-12,88,0,0,2,62,2,7.14
P012,2026-08-19,82,0,0,2,61,3,6.74
P012,2026-08-26,89,0,0,2,63,4,7.23
P012,2026-09-02,83,1,0,2,64,1,7.5
P012,2026-09-09,90,0,1,2,64,2,7.54
P012,2026-09-23,91,0,0,3,65,4,7.88
P012,2026-09-30,85,1,0,2,63,1,7.4
P013,2026-04-16,88,0,0,2,68,1,7.57
P013,2026-04-23,82,0,0,2,67,2,7.28
P013,2026-04-30,89,0,0,2,68,0,7.47
P013,2026-05-07,83,0,0,2,67,1,7.22
P013,2026-05-14,90,0,1,1,64,2,6.51
P013,2026-05-21,84,0,0,1,65,0,6.74
P013,2026-05-28,91,0,0,1,64,1,6.48
P013,2026-06-04,85,0,0,1,64,2,6.41
P013,2026-06-11,92,0,0,1,66,0,7.06
P013,2026-06-18,86,0,1,1,66,1,6.97
P013,2026-06-25,93,0,0,2,67,2,7.18
P013,2026-07-02,87,0,0,2,68,0,7.64
P013,2026-07-09,94,0,0,1,66,1,7.13
P013,2026-07-16,88,0,0,1,66,2,7.07
P013,2026-07-23,82,0,1,1,66,0,6.91
P013,2026-07-30,89,0,0,1,63,1,6.33
P013,2026-08-13,90,0,0,1,65,0,6.71
P013,2026-08-20,84,0,0,1,65,1,6.73
P013,2026-08-27,91,0,1,2,68,2,7.42
P013,2026-09-03,85,0,0,2,67,0,7.38
P013,2026-09-10,92,0,0,2,67,1,7.3
P013,2026-09-17,86,0,0,2,68,2,7.42
P013,2026-09-24,93,0,0,1,65,0,6.81
P013,2026-10-01,87,0,1,1,64,1,6.63
P014,2026-04-17,90,0,0,3,70,4,7.6
P014,2026-04-24,84,1,1,2,68,1,7.19
P014,2026-05-01,91,0,0,2,69,2,7.22
P014,2026-05-08,85,0,0,2,66,3,6.62
P014,2026-05-15,92,0,0,2,66,4,6.65
P014,2026-05-29,93,0,1,2,67,2,6.95
P014,2026-06-05,87,0,0,2,69,3,7.43
P014,2026-06-12,94,0,0,3,71,4,7.88
P014,2026-06-19,88,1,0,3,70,1,7.63
P014,2026-06-26,82,0,0,3,71,2,7.95
P014,2026-07-03,89,0,1,3,71,3,7.77
P014,2026-07-10,83,0,0,2,68,4,7.2
P014,2026-07-17,90,1,0,2,69,1,7.38
P014,2026-07-24,84,0,0,2,68,2,7.12
P014,2026-07-31,91,0,0,2,68,3,7.05
P014,2026-08-07,85,0,1,2,71,4,7.79
P014,2026-08-14,92,1,0,2,71,1,7.8
P014,2026-08-21,86,0,0,3,72,2,8.1
P014,2026-08-28,93,0,0,3,74,3,8.5
P014,2026-09-04,87,0,0,2,72,4,8.01
P014,2026-09-11,94,1,1,2,71,1,7.92
P014,2026-09-18,88,0,0,2,71,2,7.85
P014,2026-09-25,82,0,0,2,69,3,7.28
P014,2026-10-02,89,0,0,2,70,4,7.6
P015,2026-04-18,92,1,0,2,59,1,8.09
P015,2026-04-25,86,0,0,2,58,2,7.77
P015,2026-05-02,93,0,0,2,58,3,7.93
P015,2026-05-09,87,0,0,2,57,4,7.53
P015,2026-05-16,94,1,1,2,59,1,7.97
P015,2026-05-23,88,0,0,2,60,2,8.33
P015,2026-05-30,82,0,0,2,60,3,8.26
P015,2026-06-06,89,0,0,3,62,4,8.71
P015,2026-06-13,83,1,0,3,61,1,8.64
P015,2026-06-20,90,0,1,2,60,2,8.25
P015,2026-06-27,84,0,0,2,60,3,8.35
P015,2026-07-04,91,0,0,2,58,4,7.74
P015,2026-07-18,92,0,0,2,58,2,7.92
P015,2026-07-25,86,0,1,2,58,3,7.8
P015,2026-08-01,93,0,0,2,60,4,8.28
P015,2026-08-08,87,1,0,3,62,1,8.73
P015,2026-08-15,94,0,0,3,61,2,8.47
P015,2026-08-22,88,0,0,3,62,3,8.72
P015,2026-08-29,82,0,1,3,60,4,8.42
P015,2026-09-05,89,1,0,2,58,1,7.81
P015,2026-09-12,83,0,0,2,59,2,7.98
P015,2026-09-19,90,0,0,2,57,3,7.66
P015,2026-10-03,91,1,1,2,60,1,8.22
P016,2026-04-19,94,0,0,1,57,2,6.43
P016,2026-04-26,88,0,0,1,59,0,6.77
P016,2026-05-03,82,0,0,1,59,1,6.84
P016,2026-05-10,89,0,0,1,59,2,6.85
P016,2026-05-17,83,0,0,2,62,0,7.54
P016,2026-05-24,90,0,0,2,62,1,7.48
P016,2026-05-31,84,0,0,2,61,2,7.38
P016,2026-06-07,91,0,0,2,62,0,7.66
P016,2026-06-14,85,0,0,1,60,1,7.03
P016,2026-06-21,92,0,0,1,59,2,6.84
P016,2026-06-28,86,0,0,1,59,0,6.89
P016,2026-07-05,93,0,0,1,58,1,6.46
P016,2026-07-12,87,0,0,1,59,2,6.83
P016,2026-07-19,94,0,0,1,61,0,7.26
P016,2026-07-26,88,0,0,1,61,1,7.21
P016,2026-08-02,82,0,0,2,63,2,7.76
P016,2026-08-09,89,0,0,2,62,0,7.62
P016,2026-08-16,83,0,0,1,61,1,7.22
P016,2026-08-23,90,0,0,1,61,2,7.21
P016,2026-08-30,84,0,0,1,59,0,6.72
P016,2026-09-06,91,0,0,1,58,1,6.52
P016,2026-09-13,85,0,0,1,59,2,6.86
P016,2026-09-20,92,0,0,1,58,0,6.68
P016,2026-09-27,86,0,0,1,60,1,7.17
P016,2026-10-04,93,0,0,2,62,2,7.56
P017,2026-04-20,83,0,0,1,62,0,6.67
P017,2026-04-27,90,0,0,1,64,1,7.26
P017,2026-05-04,84,0,0,1,64,2,7.19
P017,2026-05-11,91,0,0,2,65,0,7.43
P017,2026-05-18,85,0,0,2,66,1,7.69
P017,2026-05-25,92,0,0,1,64,2,7.2
P017,2026-06-01,86,0,0,1,63,0,7.07
P017,2026-06-22,94,0,0,1,61,0,6.57
P017,2026-06-29,88,0,0,1,61,1,6.52
P017,2026-07-06,82,0,0,1,61,2,6.51
P017,2026-07-13,89,0,0,2,64,0,7.22
P017,2026-07-20,83,0,0,2,64,1,7.15
P017,2026-07-27,90,0,0,2,63,2,7.08
P017,2026-08-03,84,0,0,2,64,0,7.25
P017,2026-08-10,91,0,0,1,61,1,6.5
P017,2026-08-17,85,0,0,1,60,2,6.26
P017,2026-08-24,92,0,0,1,60,0,6.29
P017,2026-09-07,93,0,0,1,60,2,6.22
P017,2026-09-14,87,0,0,1,61,0,6.52
P017,2026-09-21,94,0,0,1,61,1,6.44
P017,2026-09-28,88,0,0,2,63,2,6.96
P017,2026-10-05,82,0,0,2,63,0,6.89
P018,2026-04-21,85,0,0,2,65,4,7.13
P018,2026-04-28,92,1,0,3,67,1,7.77
P018,2026-05-05,86,0,0,2,65,2,7.33
P018,2026-05-12,93,0,1,3,67,3,7.81
P018,2026-05-19,87,0,0,3,67,4,7.73
P018,2026-05-26,94,1,0,2,64,1,7.02
P018,2026-06-02,88,0,0,2,66,2,7.48
P018,2026-06-09,82,0,0,2,64,3,7.11
P018,2026-06-16,89,0,1,2,64,4,7.03
P018,2026-06-23,83,1,0,2,67,1,7.86
P018,2026-06-30,90,0,0,2,67,2,7.78
P018,2026-07-07,84,0,0,3,69,3,8.19
P018,2026-07-14,91,0,0,3,71,4,8.82
P018,2026-07-21,85,1,1,2,68,1,8.06
P018,2026-08-04,86,0,0,2,69,3,8.19
P018,2026-08-11,93,0,0,2,66,4,7.48
P018,2026-08-18,87,1,0,2,68,1,8.06
P018,2026-08-25,94,0,1,2,68,2,8.09
P018,2026-09-01,88,0,0,2,68,3,8.03
P018,2026-09-08,82,0,0,3,72,4,9.09
P018,2026-09-15,89,1,0,3,72,1,8.92
P018,2026-09-22,83,0,0,3,72,2,8.93
P018,2026-09-29,90,0,1,3,74,3,9.59
P018,2026-10-06,84,0,0,2,71,4,8.78
