player_id,name,age,position,height,weight
P001,Avery Rowan,23,GK,169.9,62.45
P002,Casey Hart,27,CB,173.8,63.9
P003,Jordan Vale,24,CM,171.7,65.35
P004,Morgan Ellis,26,ST,175.6,66.8
P005,Taylor Quinn,21,LB,179.5,68.25
P006,Riley Moss,25,RW,177.4,69.7
P007,Samira Blake,28,CM,181.3,71.15
P008,Alex Chen,22,RB,185.2,72.6
P009,Drew Solis,24,ST,183.1,74.05
P010,Jamie Frost,29,GK,187.0,75.5
P011,Noor Patel,23,CB,190.9,76.95
P012,Robin Vega,27,LW,188.8,78.4
P013,Cameron Lee,22,CM,192.7,79.85
P014,Eden Brooks,25,AM,196.6,81.3
P015,Sasha Reed,26,RW,194.5,82.75
P016,Finley Cruz,24,LB,198.4,84.2
P017,Harper Knox,30,CB,202.3,85.65
P018,Mika Stone,23,ST,200.2,87.1
