player_id,date,duration_min,rpe,distance,sprint_distance,high_speed_distance
P001,2026-04-10,68.98,5.55,7.6,205,547
P001,2026-04-11,74.18,5.86,8.18,220,588
P001,2026-04-12,73.56,5.8,8.1,218,583
P001,2026-04-13,67.77,5.44,7.44,200,535
P001,2026-04-16,63.34,5.16,6.84,184,492
P001,2026-04-17,70.53,5.62,7.55,203,543
P001,2026-04-18,75.58,5.95,8.02,216,577
P001,2026-04-19,74.81,5.92,7.86,212,565
P001,2026-04-20,68.88,5.58,7.17,193,516
P001,2026-04-23,63.96,5.3,6.48,174,466
P001,2026-04-24,70.97,5.7,7.15,193,514
P001,2026-04-25,75.86,5.98,7.6,205,547
P001,2026-04-26,74.91,5.9,7.48,201,538
P001,2026-04-27,68.8,5.5,6.86,185,493
P001,2026-04-30,63.36,5.13,6.37,171,458
P001,2026-05-01,70.21,5.56,7.1,191,511
P001,2026-05-02,74.93,5.86,7.63,206,549
P001,2026-05-03,73.83,5.81,7.58,204,545
P001,2026-05-04,67.56,5.43,7.0,189,504
P001,2026-05-07,61.7,5.11,6.58,177,473
P001,2026-05-08,68.41,5.54,7.36,198,529
P001,2026-05-09,73.01,5.84,7.91,213,569
P001,2026-05-10,71.79,5.78,7.83,211,563
P001,2026-05-11,65.42,5.41,7.17,193,516
P001,2026-05-14,59.31,5.09,6.54,176,470
P001,2026-05-15,65.96,5.51,7.26,196,522
P001,2026-05-16,70.51,5.81,7.73,208,556
P001,2026-05-17,69.25,5.75,7.56,204,544
P001,2026-05-18,62.85,5.38,6.82,184,491
P001,2026-05-21,56.71,5.06,6.0,162,432
P001,2026-05-22,63.37,5.48,6.64,179,478
P001,2026-05-23,67.95,5.78,7.05,190,507
P001,2026-05-24,66.73,5.72,6.86,185,493
P001,2026-05-25,60.38,5.35,6.15,166,442
P001,2026-05-28,54.45,5.03,5.45,147,392
P001,2026-05-29,61.21,5.48,6.11,164,439
P001,2026-05-30,65.89,5.81,6.57,177,473
P001,2026-05-31,64.78,5.78,6.47,174,465
P001,2026-06-01,58.55,5.43,5.87,158,422
P001,2026-06-04,53.03,5.19,5.41,146,389
P001,2026-06-05,59.94,5.6,6.17,166,444
P001,2026-06-06,64.77,5.87,6.73,181,484
P001,2026-06-07,63.82,5.79,6.7,180,482
P001,2026-06-08,57.75,5.4,6.12,165,440
P001,2026-06-11,52.74,5.01,5.73,154,412
P001,2026-06-12,59.82,5.44,6.54,176,470
P001,2026-06-13,64.82,5.75,7.12,192,512
P001,2026-06-14,64.04,5.69,7.05,190,507
P001,2026-06-15,58.15,5.32,6.41,173,461
P001,2026-06-18,53.64,5.02,5.87,158,422
P001,2026-06-19,60.88,5.45,6.63,179,477
P001,2026-06-20,66.04,5.76,7.15,193,514
P001,2026-06-21,65.42,5.71,7.02,189,505
P001,2026-06-22,59.66,5.34,6.35,171,457
P001,2026-06-25,55.55,5.04,5.74,154,413
P001,2026-06-26,62.9,5.48,6.45,174,464
P001,2026-06-27,68.17,5.78,6.93,187,498
P001,2026-06-28,67.64,5.73,6.83,184,491
P001,2026-06-29,61.97,5.37,6.22,167,447
P001,2026-07-02,58.05,5.07,5.79,156,416
P001,2026-07-03,65.44,5.51,6.54,176,470
P001,2026-07-04,70.74,5.82,7.1,191,511
P001,2026-07-05,70.23,5.77,7.08,191,509
P001,2026-07-06,64.57,5.4,6.56,177,472
P001,2026-07-09,60.61,5.1,6.32,170,455
P001,2026-07-10,67.97,5.54,7.15,193,514
P001,2026-07-11,73.22,5.87,7.78,210,560
P001,2026-07-12,72.64,5.85,7.79,210,560
P001,2026-07-13,66.92,5.5,7.23,195,520
P001,2026-07-16,62.68,5.28,6.89,186,496
P001,2026-07-17,69.93,5.74,7.7,207,554
P001,2026-07-18,75.06,6.02,8.28,223,596
P001,2026-07-19,74.36,5.94,8.19,221,589
P001,2026-07-20,68.5,5.55,7.52,203,541
P001,2026-07-23,63.82,5.17,6.89,186,496
P001,2026-07-24,70.91,5.57,7.59,204,546
P001,2026-07-25,75.88,5.88,8.05,217,579
P001,2026-07-26,75.02,5.82,7.88,212,567
P001,2026-07-27,68.99,5.48,7.18,193,516
P001,2026-07-30,63.79,5.14,6.47,174,465
P001,2026-07-31,70.71,5.7,7.12,192,512
P001,2026-08-01,75.5,6.02,7.57,204,545
P001,2026-08-02,74.47,5.99,7.44,200,535
P001,2026-08-03,68.27,5.44,6.81,183,490
P001,2026-08-06,62.59,5.13,6.29,169,452
P001,2026-08-07,69.35,5.55,7.01,189,504
P001,2026-08-08,74.0,5.85,7.53,203,542
P001,2026-08-09,72.83,5.8,7.48,201,538
P001,2026-08-10,66.5,5.42,6.89,186,496
P001,2026-08-13,60.47,5.1,6.44,173,463
P001,2026-08-14,67.15,5.53,7.22,194,519
P001,2026-08-15,71.71,5.83,7.77,209,559
P001,2026-08-16,70.46,5.77,7.68,207,552
P001,2026-08-17,64.06,5.39,7.02,189,505
P001,2026-08-20,57.9,5.07,6.38,172,459
P001,2026-08-21,64.55,5.5,7.1,191,511
P001,2026-08-22,69.11,5.8,7.58,204,545
P001,2026-08-23,67.86,5.76,7.41,200,533
P001,2026-08-24,61.47,5.41,6.67,180,480
P001,2026-08-27,55.42,5.17,5.86,158,421
P001,2026-08-28,62.13,5.62,6.51,175,468
P001,2026-08-29,66.75,5.95,6.93,187,498
P001,2026-08-30,65.58,5.87,6.74,181,485
P001,2026-08-31,59.29,5.47,6.04,163,434
P001,2026-09-03,53.56,5.07,5.36,144,385
P001,2026-09-04,60.4,5.47,6.03,162,434
P001,2026-09-05,65.15,5.75,6.5,175,468
P001,2026-09-06,64.12,5.69,6.4,172,460
P001,2026-09-07,57.98,5.32,5.81,156,418
P001,2026-09-10,52.72,5.01,5.38,145,387
P001,2026-09-11,59.72,5.44,6.15,166,442
P001,2026-09-12,64.65,5.74,6.72,181,483
P001,2026-09-13,63.79,5.69,6.69,180,481
P001,2026-09-14,57.81,5.32,6.12,165,440
P001,2026-09-17,53.08,5.01,5.76,155,414
P001,2026-09-18,60.25,5.45,6.58,177,473
P001,2026-09-19,65.34,5.75,7.17,193,516
P001,2026-09-20,64.65,5.7,7.12,192,512
P001,2026-09-21,58.84,5.33,6.49,175,467
P001,2026-09-24,54.56,5.03,5.98,161,430
P001,2026-09-25,61.87,5.47,6.74,181,485
P001,2026-09-26,67.09,5.77,7.26,196,522
P001,2026-09-27,66.53,5.72,7.14,192,514
P001,2026-09-28,60.83,5.36,6.47,174,465
P001,2026-10-01,56.84,5.06,5.88,158,423
P001,2026-10-02,64.23,5.49,6.58,177,473
P001,2026-10-03,69.52,5.8,7.07,190,509
P001,2026-10-04,69.01,5.75,6.97,188,501
P001,2026-10-05,63.36,5.41,6.36,171,457
P002,2026-04-10,110.02,6.39,11.75,376,928
P002,2026-04-11,114.52,6.6,12.11,387,956
P002,2026-04-12,109.81,6.43,11.51,368,909
P002,2026-04-13,99.52,6.03,10.33,330,816
P002,2026-04-15,91.77,5.65,9.36,299,739
P002,2026-04-16,100.2,5.97,10.14,324,801
P002,2026-04-17,110.4,6.37,11.1,355,876
P002,2026-04-18,114.64,6.52,11.48,367,906
P002,2026-04-19,109.67,6.29,10.95,350,865
P002,2026-04-20,99.13,5.84,9.89,316,781
P002,2026-04-22,90.89,5.51,9.1,291,718
P002,2026-04-23,99.09,5.86,9.97,319,787
P002,2026-04-24,109.05,6.27,11.04,353,872
P002,2026-04-25,113.08,6.45,11.54,369,911
P002,2026-04-26,107.89,6.25,11.1,355,876
P002,2026-04-27,97.15,5.82,10.09,322,797
P002,2026-04-29,88.55,5.49,9.38,300,741
P002,2026-04-30,96.58,5.83,10.32,330,815
P002,2026-05-01,106.4,6.25,11.47,367,906
P002,2026-05-02,110.29,6.42,11.97,383,945
P002,2026-05-03,104.98,6.22,11.47,367,906
P002,2026-05-04,94.14,5.79,10.33,330,816
P002,2026-05-06,85.38,5.46,9.41,301,743
P002,2026-05-07,93.36,5.8,10.29,329,812
P002,2026-05-08,103.14,6.22,11.34,362,895
P002,2026-05-09,107.01,6.39,11.72,375,925
P002,2026-05-10,101.7,6.19,11.08,354,875
P002,2026-05-11,90.87,5.76,9.84,314,777
P002,2026-05-13,82.2,5.43,8.75,280,691
P002,2026-05-14,90.24,5.77,9.52,304,752
P002,2026-05-15,100.11,6.19,10.46,334,826
P002,2026-05-16,104.08,6.36,10.77,344,850
P002,2026-05-17,98.88,6.16,10.14,324,801
P002,2026-05-18,88.18,5.73,8.97,287,708
P002,2026-05-20,79.81,5.43,8.01,256,632
P002,2026-05-21,88.03,5.8,8.8,281,695
P002,2026-05-22,98.08,6.25,9.79,313,773
P002,2026-05-23,102.25,6.45,10.2,326,805
P002,2026-05-24,97.26,6.32,9.72,311,767
P002,2026-05-25,86.78,5.95,8.7,278,687
P002,2026-05-27,78.87,5.55,8.01,256,632
P002,2026-06-05,98.98,6.16,10.83,346,855
P002,2026-06-06,103.65,6.34,11.39,364,899
P002,2026-06-07,99.18,6.15,10.93,349,863
P002,2026-06-08,89.2,5.73,9.83,314,776
P002,2026-06-10,82.28,5.41,9.04,289,714
P002,2026-06-11,91.21,5.76,9.98,319,788
P002,2026-06-12,101.98,6.18,11.09,354,876
P002,2026-06-13,106.86,6.36,11.54,369,911
P002,2026-06-14,102.57,6.17,10.98,351,867
P002,2026-06-15,92.77,5.75,9.85,315,778
P002,2026-06-17,86.16,5.44,8.97,287,708
P002,2026-06-18,95.23,5.79,9.82,314,775
P002,2026-06-19,106.12,6.21,10.85,347,857
P002,2026-06-20,111.1,6.39,11.27,360,890
P002,2026-06-21,106.9,6.2,10.77,344,850
P002,2026-06-22,97.17,5.78,9.74,311,769
P002,2026-06-24,90.66,5.47,9.04,289,714
P002,2026-06-25,99.76,5.82,9.96,318,786
P002,2026-06-26,110.65,6.24,11.07,354,874
P002,2026-06-27,115.62,6.42,11.61,371,917
P002,2026-06-28,111.39,6.23,11.25,360,888
P002,2026-06-29,101.61,5.81,10.34,330,816
P002,2026-07-01,94.96,5.49,9.83,314,776
P002,2026-07-02,103.95,5.87,10.87,347,858
P002,2026-07-03,114.73,6.32,12.11,387,956
P002,2026-07-04,119.57,6.53,12.74,407,1006
P002,2026-07-05,115.2,6.36,12.38,396,978
P002,2026-07-06,105.26,5.96,11.4,364,900
P002,2026-07-08,98.25,5.7,10.77,344,850
P002,2026-07-09,107.06,6.02,11.78,376,930
P002,2026-07-10,117.63,6.42,12.96,414,1023
P002,2026-07-11,122.25,6.57,13.48,431,1064
P002,2026-07-12,117.65,6.35,12.95,414,1023
P002,2026-07-13,107.48,5.9,11.79,377,931
P002,2026-07-15,99.98,5.52,10.85,347,857
P002,2026-07-16,108.53,5.87,11.69,374,923
P002,2026-07-17,118.85,6.29,12.69,406,1002
P002,2026-07-18,123.21,6.47,13.04,417,1030
P002,2026-07-19,118.36,6.27,12.4,396,979
P002,2026-07-20,107.93,5.84,11.2,358,884
P002,2026-07-22,99.91,5.52,10.19,326,805
P002,2026-07-23,108.21,5.86,10.95,350,865
P002,2026-07-24,118.27,6.28,11.9,380,940
P002,2026-07-25,122.39,6.46,12.25,392,967
P002,2026-07-26,117.29,6.26,11.71,374,925
P002,2026-07-27,106.64,5.83,10.64,340,840
P002,2026-07-29,98.18,5.5,9.83,314,776
P002,2026-07-30,106.28,5.84,10.69,342,844
P002,2026-07-31,116.15,6.26,11.76,376,929
P002,2026-08-01,120.09,6.43,12.25,392,967
P002,2026-08-02,114.83,6.23,11.82,378,933
P002,2026-08-03,104.02,5.8,10.8,345,853
P002,2026-08-05,95.3,5.47,10.09,322,797
P002,2026-08-06,103.29,5.82,11.04,353,872
P002,2026-08-07,113.08,6.23,12.18,389,962
P002,2026-08-08,116.94,6.4,12.69,406,1002
P002,2026-08-09,111.62,6.2,12.19,390,963
P002,2026-08-10,100.77,5.77,11.06,353,873
P002,2026-08-12,92.02,5.44,10.14,324,801
P002,2026-08-13,100.02,5.78,11.02,352,870
P002,2026-08-14,109.83,6.23,12.08,386,954
P002,2026-08-15,113.74,6.43,12.46,398,984
P002,2026-08-16,108.48,6.25,11.82,378,933
P002,2026-08-17,97.71,5.85,10.58,338,835
P002,2026-08-19,89.17,5.57,9.49,303,749
P002,2026-08-20,97.3,5.94,10.26,328,810
P002,2026-08-21,107.25,6.33,11.2,358,884
P002,2026-08-22,111.32,6.48,11.52,368,910
P002,2026-08-23,106.23,6.3,10.89,348,860
P002,2026-08-24,95.64,5.88,9.73,311,768
P002,2026-08-26,87.5,5.42,8.79,281,694
P002,2026-08-27,95.84,5.89,9.58,306,756
P002,2026-08-28,106.02,6.34,10.58,338,835
P002,2026-08-29,110.32,6.54,11.01,352,869
P002,2026-08-30,105.47,6.14,10.54,337,832
P002,2026-08-31,95.12,5.97,9.54,305,753
P002,2026-09-02,87.49,5.39,8.88,284,701
P002,2026-09-03,96.09,5.74,9.83,314,776
P002,2026-09-04,106.53,6.16,11.0,352,869
P002,2026-09-05,111.09,6.34,11.57,370,914
P002,2026-09-06,106.5,6.14,11.2,358,884
P002,2026-09-16,92.63,5.42,10.18,325,804
P002,2026-09-17,101.66,5.77,11.12,355,878
P002,2026-09-18,112.5,6.2,12.23,391,966
P002,2026-09-19,117.45,6.38,12.68,405,1001
P002,2026-09-20,113.22,6.18,12.13,388,958
P002,2026-09-21,103.47,5.76,10.98,351,867
P002,2026-09-23,96.95,5.45,10.1,323,797
P002,2026-09-24,106.05,5.8,10.94,350,864
P002,2026-09-25,116.96,6.23,11.96,382,944
P002,2026-09-26,121.94,6.44,12.37,395,977
P002,2026-09-27,117.74,6.27,11.87,379,937
P002,2026-09-28,108.0,5.87,10.83,346,855
P002,2026-09-30,101.44,5.61,10.12,323,799
P002,2026-10-01,110.5,5.99,11.03,352,871
P002,2026-10-02,121.35,6.44,12.14,388,959
P002,2026-10-03,126.26,6.59,12.68,405,1001
P002,2026-10-04,121.96,6.37,12.32,394,973
P002,2026-10-05,112.11,5.92,11.41,365,901
P003,2026-04-10,82.57,6.38,8.29,306,712
P003,2026-04-11,82.91,6.38,8.29,306,712
P003,2026-04-14,64.73,5.41,6.47,239,556
P003,2026-04-15,67.31,5.57,6.75,249,580
P003,2026-04-16,74.46,5.98,7.51,277,645
P003,2026-04-17,80.58,6.33,8.18,302,703
P003,2026-04-18,80.78,6.36,8.26,305,710
P003,2026-04-21,62.26,5.38,6.55,242,563
P003,2026-04-22,64.74,5.54,6.87,254,590
P003,2026-04-23,71.82,5.95,7.69,284,661
P003,2026-04-24,77.86,6.3,8.41,311,723
P003,2026-04-25,78.0,6.33,8.48,313,729
P003,2026-04-28,59.38,5.35,6.54,241,562
P003,2026-04-29,61.85,5.51,6.82,252,586
P003,2026-04-30,68.93,5.92,7.59,280,652
P003,2026-05-01,74.99,6.27,8.24,304,708
P003,2026-05-02,75.17,6.3,8.22,304,706
P003,2026-05-05,56.71,5.33,6.08,224,522
P003,2026-05-06,59.26,5.48,6.29,232,540
P003,2026-05-07,66.44,5.89,6.99,258,601
P003,2026-05-08,72.6,6.25,7.56,279,650
P003,2026-05-09,72.89,6.28,7.52,278,646
P003,2026-05-12,54.83,5.38,5.53,204,475
P003,2026-05-13,57.53,5.54,5.77,213,496
P003,2026-05-14,64.86,6.06,6.48,239,557
P003,2026-05-15,71.18,6.46,7.1,262,610
P003,2026-05-16,71.64,6.55,7.15,264,614
P003,2026-05-19,54.12,5.63,5.47,202,470
P003,2026-05-20,57.01,5.79,5.8,214,498
P003,2026-05-21,64.53,5.95,6.62,244,569
P003,2026-05-22,71.05,6.28,7.35,271,632
P003,2026-05-23,71.7,6.29,7.49,277,644
P003,2026-05-26,54.76,5.3,5.88,217,505
P003,2026-05-27,57.83,5.47,6.26,231,538
P003,2026-05-28,65.53,5.88,7.14,264,614
P003,2026-05-29,72.23,6.24,7.91,292,680
P003,2026-05-30,73.06,6.28,8.04,297,691
P003,2026-06-02,56.59,5.32,6.23,230,535
P003,2026-06-03,59.81,5.49,6.56,242,564
P003,2026-06-04,67.65,5.91,7.39,273,635
P003,2026-06-05,74.47,6.27,8.08,298,694
P003,2026-06-06,75.41,6.3,8.12,300,698
P003,2026-06-09,59.23,5.35,6.21,229,534
P003,2026-06-10,62.52,5.52,6.49,240,558
P003,2026-06-11,70.42,5.94,7.25,268,623
P003,2026-06-12,77.29,6.3,7.88,291,677
P003,2026-06-13,78.26,6.33,7.92,293,681
P003,2026-06-16,62.11,5.38,6.2,229,533
P003,2026-06-17,65.39,5.55,6.52,241,560
P003,2026-06-18,73.26,5.97,7.31,270,628
P003,2026-06-19,80.08,6.33,8.02,296,689
P003,2026-06-20,81.01,6.36,8.15,301,700
P003,2026-06-30,66.22,5.58,7.23,267,621
P003,2026-07-01,69.23,5.72,7.6,281,653
P003,2026-07-02,76.82,6.11,8.46,313,727
P003,2026-07-03,83.35,6.44,9.19,340,790
P003,2026-07-04,83.96,6.45,9.25,342,795
P003,2026-07-07,66.57,5.43,7.26,268,624
P003,2026-07-08,69.39,5.59,7.51,277,645
P003,2026-07-09,76.78,6.0,8.25,305,709
P003,2026-07-10,83.12,6.36,8.85,327,761
P003,2026-07-11,83.54,6.39,8.81,325,757
P003,2026-07-14,65.59,5.42,6.73,249,578
P003,2026-07-15,68.23,5.58,6.94,256,596
P003,2026-07-16,75.45,6.01,7.62,281,655
P003,2026-07-17,81.62,6.34,8.2,303,705
P003,2026-07-18,81.88,6.45,8.19,303,704
P003,2026-07-21,63.49,5.4,6.34,234,545
P003,2026-07-22,66.01,5.73,6.62,244,569
P003,2026-07-23,73.11,6.17,7.37,272,633
P003,2026-07-24,79.17,6.55,8.03,297,690
P003,2026-07-25,79.34,6.34,8.11,300,697
P003,2026-07-28,60.73,5.37,6.39,236,549
P003,2026-07-29,63.19,5.52,6.71,248,577
P003,2026-07-30,70.26,5.93,7.53,278,647
P003,2026-07-31,76.3,6.29,8.24,304,708
P003,2026-08-01,76.45,6.31,8.31,307,714
P003,2026-08-04,57.89,5.34,6.38,236,548
P003,2026-08-05,60.39,5.52,6.66,246,572
P003,2026-08-06,67.51,5.96,7.44,275,639
P003,2026-08-07,73.61,6.34,8.09,299,695
P003,2026-08-08,73.84,6.39,8.08,298,694
P003,2026-08-11,55.57,5.5,5.95,220,511
P003,2026-08-12,58.2,5.63,6.18,228,531
P003,2026-08-13,65.45,6.01,6.88,254,591
P003,2026-08-14,71.69,6.34,7.47,276,642
P003,2026-08-15,72.07,6.35,7.44,275,639
P003,2026-08-18,54.29,5.3,5.47,202,470
P003,2026-08-19,57.09,5.46,5.72,211,491
P003,2026-08-20,64.51,5.87,6.45,238,554
P003,2026-08-21,70.94,6.23,7.08,261,608
P003,2026-08-22,71.51,6.26,7.14,264,614
P003,2026-08-25,54.3,5.3,5.48,202,471
P003,2026-08-26,57.29,5.46,5.83,215,501
P003,2026-08-27,64.91,5.88,6.66,246,572
P003,2026-08-28,71.53,6.24,7.4,273,636
P003,2026-08-29,72.28,6.27,7.55,279,649
P003,2026-09-01,55.61,5.31,5.97,220,513
P003,2026-09-02,58.77,5.48,6.36,235,546
P003,2026-09-03,66.55,5.89,7.25,268,623
P003,2026-09-04,73.32,6.26,8.03,297,690
P003,2026-09-05,74.22,6.29,8.16,301,701
P003,2026-09-08,57.94,5.34,6.38,236,548
P003,2026-09-09,61.2,5.5,6.72,248,577
P003,2026-09-10,69.09,5.92,7.55,279,649
P003,2026-09-11,75.94,6.28,8.24,304,708
P003,2026-09-12,76.92,6.32,8.29,306,712
P003,2026-09-15,60.78,5.37,6.37,235,547
P003,2026-09-16,64.08,5.53,6.66,246,572
P003,2026-09-17,71.97,5.98,7.41,274,637
P003,2026-09-18,78.83,6.37,8.04,297,691
P003,2026-09-19,79.79,6.43,8.08,298,694
P003,2026-09-22,63.54,5.55,6.34,234,545
P003,2026-09-23,66.77,5.74,6.66,246,572
P003,2026-09-24,74.59,6.14,7.45,275,640
P003,2026-09-25,81.36,6.47,8.15,301,700
P003,2026-09-26,82.22,6.48,8.27,305,711
P003,2026-09-29,65.62,5.45,6.75,249,580
P003,2026-09-30,68.71,5.58,7.13,263,613
P003,2026-10-01,76.38,6.0,8.0,296,688
P003,2026-10-02,83.0,6.36,8.78,324,755
P003,2026-10-03,83.7,6.39,8.94,330,768
P003,2026-10-06,66.58,5.43,7.27,268,625
P004,2026-04-10,112.63,6.89,11.45,251,1064
P004,2026-04-11,109.16,6.77,11.19,246,1040
P004,2026-04-13,88.46,5.98,9.24,203,859
P004,2026-04-14,86.11,5.9,9.08,199,844
P004,2026-04-15,92.91,6.19,9.89,217,919
P004,2026-04-16,103.37,6.62,11.1,244,1032
P004,2026-04-17,109.25,6.86,11.82,260,1099
P004,2026-04-18,105.76,6.74,11.52,253,1071
P004,2026-04-20,85.08,5.95,9.36,205,870
P004,2026-04-21,82.76,5.87,9.12,200,848
P004,2026-04-22,89.61,6.16,9.88,217,918
P004,2026-04-23,100.14,6.59,11.02,242,1024
P004,2026-04-24,106.11,6.83,11.65,256,1083
P004,2026-04-25,102.72,6.71,11.22,246,1043
P004,2026-04-27,82.29,5.92,8.87,195,824
P004,2026-04-28,80.12,5.85,8.56,188,796
P004,2026-04-29,87.14,6.13,9.23,203,858
P004,2026-04-30,97.85,6.56,10.26,225,954
P004,2026-05-01,104.01,6.81,10.81,237,1005
P004,2026-05-02,100.82,6.72,10.38,228,965
P004,2026-05-04,80.84,5.99,8.19,180,761
P004,2026-05-05,78.9,5.94,7.94,174,738
P004,2026-05-06,86.16,6.28,8.63,189,802
P004,2026-05-07,97.12,6.76,9.7,213,902
P004,2026-05-08,103.54,6.99,10.33,227,960
P004,2026-05-09,100.62,6.94,10.05,221,934
P004,2026-05-18,83.34,5.92,8.9,195,827
P004,2026-05-19,81.92,5.85,8.82,194,820
P004,2026-05-20,89.69,6.14,9.73,214,904
P004,2026-05-21,101.15,6.57,11.04,242,1026
P004,2026-05-22,108.05,6.83,11.85,260,1102
P004,2026-05-23,105.6,6.71,11.62,255,1080
P004,2026-05-25,87.04,5.94,9.59,210,891
P004,2026-05-26,85.79,5.87,9.44,207,877
P004,2026-05-27,93.71,6.16,10.27,225,955
P004,2026-05-28,105.31,6.6,11.48,252,1067
P004,2026-05-29,112.34,6.86,12.17,267,1131
P004,2026-05-30,110.0,6.74,11.82,260,1099
P004,2026-06-01,91.61,5.97,9.67,212,899
P004,2026-06-02,90.42,5.9,9.45,207,878
P004,2026-06-03,98.38,6.19,10.19,224,947
P004,2026-06-04,110.0,6.63,11.29,248,1049
P004,2026-06-05,117.04,6.89,11.91,262,1107
P004,2026-06-06,114.68,6.77,11.59,254,1077
P004,2026-06-08,96.21,6.0,9.62,211,894
P004,2026-06-09,94.95,5.93,9.48,208,881
P004,2026-06-10,102.83,6.22,10.26,225,954
P004,2026-06-11,114.35,6.66,11.42,251,1062
P004,2026-06-12,121.27,6.91,12.16,267,1130
P004,2026-06-13,118.77,6.8,11.97,263,1113
P004,2026-06-15,99.99,6.08,10.22,224,950
P004,2026-06-16,98.56,6.03,10.16,223,944
P004,2026-06-17,106.25,6.35,11.06,243,1028
P004,2026-06-18,117.56,6.81,12.36,271,1149
P004,2026-06-19,124.27,7.09,13.19,290,1226
P004,2026-06-20,121.55,7.0,13.01,286,1209
P004,2026-06-22,102.29,6.17,11.12,244,1034
P004,2026-06-23,100.61,6.07,11.0,242,1023
P004,2026-06-24,108.04,6.33,11.87,261,1103
P004,2026-06-25,119.1,6.74,13.12,288,1220
P004,2026-06-26,125.53,6.96,13.84,304,1287
P004,2026-06-27,122.55,6.82,13.5,297,1255
P004,2026-06-29,102.75,6.06,11.24,247,1045
P004,2026-06-30,100.8,6.01,10.97,241,1020
P004,2026-07-01,107.96,6.25,11.67,256,1085
P004,2026-07-02,118.76,6.78,12.73,280,1183
P004,2026-07-03,124.93,7.05,13.27,291,1234
P004,2026-07-13,98.7,5.99,9.85,216,916
P004,2026-07-14,96.37,5.92,9.64,212,896
P004,2026-07-15,103.19,6.2,10.36,227,963
P004,2026-07-16,113.66,6.63,11.47,252,1066
P004,2026-07-17,119.55,6.88,12.15,267,1129
P004,2026-07-18,116.05,6.75,11.9,261,1106
P004,2026-07-20,95.33,5.96,9.95,218,925
P004,2026-07-21,92.98,5.89,9.8,215,911
P004,2026-07-22,99.79,6.17,10.62,233,987
P004,2026-07-23,110.27,6.6,11.84,260,1101
P004,2026-07-24,116.19,6.85,12.57,276,1169
P004,2026-07-25,112.73,6.72,12.28,270,1142
P004,2026-07-27,92.16,5.96,10.13,222,942
P004,2026-07-28,89.91,5.91,9.91,218,921
P004,2026-07-29,96.84,6.22,10.68,234,993
P004,2026-07-30,107.45,6.68,11.83,260,1100
P004,2026-07-31,113.51,6.95,12.46,274,1158
P004,2026-08-01,110.22,6.86,12.04,264,1119
P004,2026-08-03,90.01,6.07,9.7,213,902
P004,2026-08-04,87.96,5.97,9.4,206,874
P004,2026-08-05,95.1,6.23,10.07,221,936
P004,2026-08-06,105.94,6.63,11.11,244,1033
P004,2026-08-07,112.23,6.86,11.66,256,1084
P004,2026-08-08,109.18,6.71,11.24,247,1045
P004,2026-08-10,89.48,5.91,9.06,199,842
P004,2026-08-11,87.69,5.83,8.83,194,821
P004,2026-08-12,95.1,6.12,9.53,209,886
P004,2026-08-13,106.2,6.55,10.61,233,986
P004,2026-08-14,112.76,6.81,11.25,247,1046
P004,2026-08-15,109.98,6.69,10.98,241,1021
P004,2026-08-17,90.82,5.91,9.13,200,849
P004,2026-08-18,89.29,5.84,9.03,198,839
P004,2026-08-19,96.95,6.13,9.88,217,918
P004,2026-08-20,108.32,6.56,11.14,245,1036
P004,2026-08-21,115.13,6.82,11.95,262,1111
P004,2026-08-22,112.59,6.7,11.79,259,1096
P004,2026-08-24,93.87,5.93,10.02,220,931
P004,2026-08-25,92.56,5.86,9.96,219,926
P004,2026-08-26,100.42,6.15,10.89,239,1012
P004,2026-08-27,111.97,6.59,12.22,268,1136
P004,2026-08-28,118.95,6.87,13.05,287,1213
P004,2026-09-07,102.83,5.99,10.86,238,1009
P004,2026-09-08,101.62,5.94,10.63,233,988
P004,2026-09-09,109.55,6.26,11.35,249,1055
P004,2026-09-10,121.13,6.72,12.43,273,1155
P004,2026-09-11,128.12,7.01,13.04,286,1212
P004,2026-09-12,125.7,6.92,12.7,279,1181
P004,2026-09-14,107.09,6.2,10.71,235,996
P004,2026-09-15,105.75,6.1,10.55,232,981
P004,2026-09-16,113.54,6.36,11.33,249,1053
P004,2026-09-17,124.96,6.77,12.48,274,1160
P004,2026-09-18,131.27,7.0,13.16,289,1223
P004,2026-09-19,129.17,6.86,13.01,286,1209
P004,2026-09-21,110.14,6.03,11.26,247,1047
P004,2026-09-22,108.58,5.96,11.2,246,1041
P004,2026-09-23,116.14,6.25,12.09,265,1124
P004,2026-09-24,127.32,6.68,13.38,294,1244
P004,2026-09-25,131.27,6.94,13.93,306,1295
P004,2026-09-26,131.02,6.82,14.03,308,1304
P004,2026-09-28,111.47,6.04,12.12,266,1127
P004,2026-09-29,109.65,5.96,11.99,263,1115
P004,2026-09-30,116.93,6.25,12.84,282,1194
P004,2026-10-01,127.85,6.68,14.08,309,1309
P004,2026-10-02,131.27,6.93,14.47,318,1345
P004,2026-10-03,131.01,6.81,14.43,317,1341
P004,2026-10-05,110.94,6.03,12.14,267,1129
P004,2026-10-06,108.86,5.95,11.85,260,1102
P005,2026-04-12,38.22,4.89,4.19,113,272
P005,2026-04-13,34.87,4.6,3.84,103,249
P005,2026-04-14,35.5,4.67,3.91,105,254
P005,2026-04-19,36.9,4.87,4.0,108,260
P005,2026-04-20,33.63,4.58,3.62,97,235
P005,2026-04-21,34.36,4.65,3.66,98,237
P005,2026-04-26,36.25,4.96,3.69,99,239
P005,2026-04-27,33.09,4.7,3.34,90,217
P005,2026-04-28,33.93,4.8,3.41,92,221
P005,2026-05-03,36.41,4.94,3.65,98,237
P005,2026-05-04,33.36,4.63,3.36,90,218
P005,2026-05-05,34.32,4.68,3.48,93,226
P005,2026-05-10,37.33,4.87,3.96,106,257
P005,2026-05-11,34.39,4.59,3.68,99,239
P005,2026-05-12,35.43,4.67,3.82,103,248
P005,2026-05-17,38.83,4.9,4.28,115,278
P005,2026-05-18,35.94,4.62,3.96,106,257
P005,2026-05-19,37.03,4.7,4.07,109,264
P005,2026-05-24,40.58,4.93,4.31,116,280
P005,2026-05-25,37.69,4.65,3.97,107,258
P005,2026-05-26,38.79,4.73,4.04,109,262
P005,2026-05-31,42.2,4.96,4.23,114,274
P005,2026-06-01,39.27,4.68,3.93,106,255
P005,2026-06-02,40.31,4.76,4.02,108,261
P005,2026-06-07,43.36,5.06,4.41,119,286
P005,2026-06-08,40.34,4.8,4.13,111,268
P005,2026-06-09,41.28,4.9,4.27,115,277
P005,2026-06-14,43.8,5.09,4.74,127,308
P005,2026-06-15,40.67,4.78,4.43,119,287
P005,2026-06-16,41.5,4.83,4.54,122,295
P005,2026-06-21,43.43,4.98,4.77,128,310
P005,2026-06-22,40.18,4.69,4.39,118,285
P005,2026-06-23,40.9,4.77,4.44,119,288
P005,2026-06-28,42.33,4.96,4.4,118,286
P005,2026-06-29,38.99,4.67,4.02,108,261
P005,2026-06-30,39.63,4.75,4.05,109,263
P005,2026-07-05,40.73,4.93,4.06,109,263
P005,2026-07-06,37.35,4.64,3.73,100,242
P005,2026-07-07,37.95,4.72,3.8,102,247
P005,2026-07-12,38.98,4.9,4.04,109,262
P005,2026-07-13,35.61,4.61,3.73,100,242
P005,2026-07-14,36.22,4.69,3.83,103,248
P005,2026-07-19,37.44,4.93,4.11,110,267
P005,2026-07-20,34.13,4.67,3.76,101,244
P005,2026-07-21,34.81,4.77,3.84,103,249
P005,2026-07-26,36.46,4.99,3.95,106,256
P005,2026-07-27,33.25,4.68,3.58,96,232
P005,2026-07-28,34.03,4.73,3.63,98,235
P005,2026-08-02,36.23,4.85,3.69,99,239
P005,2026-08-03,33.14,4.57,3.35,90,217
P005,2026-08-04,34.04,4.65,3.42,92,222
P005,2026-08-09,36.82,4.87,3.69,99,239
P005,2026-08-10,33.83,4.58,3.41,92,221
P005,2026-08-11,34.83,4.66,3.53,95,229
P005,2026-08-16,38.08,4.89,4.04,109,262
P005,2026-08-17,35.17,4.61,3.76,101,244
P005,2026-08-18,36.25,4.69,3.91,105,254
P005,2026-08-23,39.76,4.92,4.38,118,284
P005,2026-08-24,36.88,4.64,4.06,109,263
P005,2026-08-25,37.98,4.72,4.17,112,271
P005,2026-08-30,41.49,4.97,4.41,119,286
P005,2026-08-31,38.59,4.72,4.06,109,263
P005,2026-09-01,39.65,4.82,4.14,111,269
P005,2026-09-06,42.9,5.13,4.3,116,279
P005,2026-09-07,39.93,4.82,3.99,107,259
P005,2026-09-08,40.92,4.87,4.08,110,265
P005,2026-09-13,43.7,5.06,4.44,119,288
P005,2026-09-14,40.62,4.7,4.16,112,270
P005,2026-09-15,41.5,4.9,4.29,115,278
P005,2026-09-20,43.7,5.24,4.73,127,307
P005,2026-09-21,40.51,4.7,4.41,119,286
P005,2026-09-22,41.27,4.77,4.52,122,293
P005,2026-09-27,42.92,4.97,4.71,127,306
P005,2026-09-28,39.62,4.68,4.33,116,281
P005,2026-09-29,40.29,4.76,4.38,118,284
P005,2026-10-04,41.51,4.95,4.32,116,280
P005,2026-10-05,38.15,4.66,3.93,106,255
P005,2026-10-06,38.75,4.73,3.96,106,257
P006,2026-04-11,68.81,5.85,7.49,239,539
P006,2026-04-12,60.7,5.43,6.56,209,472
P006,2026-04-13,57.54,5.27,6.17,197,444
P006,2026-04-14,61.56,5.52,6.55,209,471
P006,2026-04-15,69.64,5.97,7.34,234,528
P006,2026-04-18,67.94,5.97,6.96,222,501
P006,2026-04-19,60.03,5.58,6.1,195,439
P006,2026-04-20,57.06,5.45,5.76,184,414
P006,2026-04-21,61.3,5.64,6.15,196,442
P006,2026-04-22,69.57,6.05,6.95,222,500
P006,2026-04-25,68.48,5.9,6.85,219,493
P006,2026-04-26,60.76,5.46,6.1,195,439
P006,2026-04-27,57.99,5.28,5.85,187,421
P006,2026-04-28,62.41,5.55,6.34,202,456
P006,2026-04-29,70.86,6.01,7.26,232,522
P006,2026-05-02,70.27,6.02,7.4,236,532
P006,2026-05-03,62.7,5.63,6.67,213,480
P006,2026-05-04,60.07,5.51,6.44,206,463
P006,2026-05-05,64.61,5.53,6.99,223,503
P006,2026-05-06,73.19,6.21,7.97,255,573
P006,2026-05-09,72.87,5.89,8.03,256,578
P006,2026-05-10,65.37,5.49,7.21,230,519
P006,2026-05-11,62.8,5.33,6.92,221,498
P006,2026-05-12,67.39,5.56,7.4,236,532
P006,2026-05-13,75.99,5.99,8.31,265,598
P006,2026-05-16,75.69,5.93,8.1,259,583
P006,2026-05-17,68.17,5.52,7.23,231,520
P006,2026-05-18,65.55,5.36,6.88,220,495
P006,2026-05-19,70.09,5.59,7.29,233,524
P006,2026-05-30,79.44,6.07,8.03,256,578
P006,2026-05-31,71.63,5.68,7.3,233,525
P006,2026-06-01,68.71,5.56,7.06,225,508
P006,2026-06-02,72.93,5.8,7.56,241,544
P006,2026-06-03,81.13,6.2,8.49,271,611
P006,2026-06-06,79.48,6.05,8.55,273,615
P006,2026-06-07,71.46,5.61,7.75,248,558
P006,2026-06-08,68.34,5.47,7.46,238,537
P006,2026-06-09,72.35,5.69,7.93,253,570
P006,2026-06-10,80.36,6.14,8.84,282,636
P006,2026-06-13,78.12,6.14,8.6,275,619
P006,2026-06-14,69.92,5.74,7.67,245,552
P006,2026-06-15,66.61,5.38,7.27,232,523
P006,2026-06-16,70.45,5.85,7.64,244,550
P006,2026-06-17,78.29,6.03,8.42,269,606
P006,2026-06-20,75.6,5.94,7.91,253,569
P006,2026-06-21,67.27,5.52,6.97,223,501
P006,2026-06-22,63.84,5.36,6.56,209,472
P006,2026-06-23,67.58,5.57,6.88,220,495
P006,2026-06-24,75.32,6.0,7.62,243,548
P006,2026-06-27,72.41,5.91,7.23,231,520
P006,2026-06-28,64.04,5.49,6.39,204,460
P006,2026-06-29,60.58,5.33,6.05,193,435
P006,2026-06-30,64.3,5.54,6.44,206,463
P006,2026-07-01,72.03,5.97,7.25,232,522
P006,2026-07-04,69.19,5.88,7.13,228,513
P006,2026-07-05,60.87,5.46,6.33,202,455
P006,2026-07-06,57.47,5.3,6.03,192,434
P006,2026-07-07,61.26,5.51,6.49,207,467
P006,2026-07-08,69.08,5.94,7.39,236,532
P006,2026-07-11,66.58,5.93,7.28,232,524
P006,2026-07-12,58.38,5.54,6.41,205,461
P006,2026-07-13,55.13,5.41,6.07,194,437
P006,2026-07-14,59.07,5.65,6.51,208,468
P006,2026-07-15,67.06,6.1,7.39,236,532
P006,2026-07-18,65.08,5.94,7.09,226,510
P006,2026-07-19,57.07,5.5,6.17,197,444
P006,2026-07-20,54.01,5.32,5.79,185,416
P006,2026-07-21,58.15,5.51,6.18,197,444
P006,2026-07-22,66.33,5.92,6.99,223,503
P006,2026-07-25,64.96,5.84,6.65,212,478
P006,2026-07-26,57.16,5.43,5.81,185,418
P006,2026-07-27,54.3,5.27,5.48,175,394
P006,2026-07-28,58.64,5.49,5.88,188,423
P006,2026-07-29,67.02,5.93,6.7,214,482
P006,2026-08-01,66.21,5.86,6.62,211,476
P006,2026-08-02,58.58,5.45,5.88,188,423
P006,2026-08-03,55.89,5.29,5.64,180,406
P006,2026-08-04,60.39,5.51,6.13,196,441
P006,2026-08-05,68.92,5.95,7.06,225,508
P006,2026-08-08,68.5,5.88,7.21,230,519
P006,2026-08-09,60.98,5.47,6.48,207,466
P006,2026-08-10,58.39,5.32,6.26,200,450
P006,2026-08-11,62.97,5.54,6.81,217,490
P006,2026-08-12,71.58,5.98,7.79,249,560
P006,2026-08-15,71.3,5.91,7.86,251,565
P006,2026-08-16,63.8,5.5,7.03,224,506
P006,2026-08-17,61.22,5.35,6.74,215,485
P006,2026-08-18,65.79,5.57,7.22,231,519
P006,2026-08-19,74.38,6.01,8.13,260,585
P006,2026-08-22,73.96,5.99,7.91,253,569
P006,2026-08-23,66.39,5.61,7.04,225,506
P006,2026-08-24,63.72,5.48,6.69,214,481
P006,2026-08-25,68.2,5.73,7.09,226,510
P006,2026-08-26,76.67,6.19,7.9,252,568
P006,2026-08-29,75.86,6.09,7.64,244,550
P006,2026-08-30,68.14,5.65,6.83,218,491
P006,2026-08-31,65.31,5.47,6.52,208,469
P006,2026-09-01,69.62,5.67,6.94,222,499
P006,2026-09-02,77.92,6.07,7.78,248,560
P006,2026-09-05,76.55,5.97,7.74,247,557
P006,2026-09-06,68.63,5.56,6.99,223,503
P006,2026-09-07,65.6,5.4,6.74,215,485
P006,2026-09-08,69.7,5.62,7.22,231,519
P006,2026-09-09,77.8,6.05,8.14,260,586
P006,2026-09-12,75.82,5.97,8.15,260,586
P006,2026-09-13,67.7,5.55,7.34,234,528
P006,2026-09-14,64.48,5.39,7.03,224,506
P006,2026-09-15,68.39,5.61,7.5,240,540
P006,2026-09-16,76.3,6.04,8.4,268,604
P006,2026-09-19,73.79,5.95,8.12,259,584
P006,2026-09-20,65.51,5.53,7.18,229,516
P006,2026-09-21,62.13,5.37,6.78,216,488
P006,2026-09-22,65.91,5.59,7.15,228,514
P006,2026-09-23,73.68,6.01,7.93,253,570
P006,2026-09-26,70.84,5.92,7.42,237,534
P006,2026-09-27,62.48,5.5,6.48,207,466
P006,2026-09-28,59.02,5.34,6.06,193,436
P006,2026-09-29,62.73,5.56,6.39,204,460
P006,2026-09-30,70.46,5.98,7.13,228,513
P006,2026-10-03,67.56,5.92,6.74,215,485
P006,2026-10-04,59.19,5.52,5.9,188,424
P006,2026-10-05,55.76,5.39,5.57,178,401
P006,2026-10-06,59.5,5.63,5.96,190,429
P007,2026-04-10,74.39,6.13,7.67,283,605
P007,2026-04-11,66.3,5.74,6.77,250,534
P007,2026-04-12,59.73,5.37,6.06,224,478
P007,2026-04-13,59.73,5.34,6.02,222,475
P007,2026-04-14,66.41,5.65,6.66,246,526
P007,2026-04-17,75.66,6.02,7.55,279,596
P007,2026-04-18,67.75,5.57,6.78,250,535
P007,2026-04-19,61.37,5.23,6.17,228,487
P007,2026-04-20,61.54,5.23,6.22,230,491
P007,2026-04-21,68.39,5.56,6.96,257,549
P007,2026-04-24,78.07,6.01,8.17,302,645
P007,2026-04-25,70.29,5.6,7.42,274,586
P007,2026-04-26,64.02,5.26,6.82,252,538
P007,2026-04-27,64.3,5.25,6.91,255,545
P007,2026-04-28,71.24,5.59,7.72,285,609
P007,2026-05-01,81.11,6.04,8.92,330,704
P007,2026-05-02,73.37,5.63,8.09,299,639
P007,2026-05-03,67.13,5.29,7.4,273,584
P007,2026-05-04,67.41,5.28,7.42,274,586
P007,2026-05-05,74.35,5.62,8.15,301,643
P007,2026-05-08,84.13,6.07,9.05,334,714
P007,2026-05-09,76.33,5.66,8.14,301,643
P007,2026-05-10,70.01,5.32,7.4,273,584
P007,2026-05-11,70.21,5.31,7.35,271,580
P007,2026-05-12,77.05,5.65,7.99,295,631
P007,2026-05-15,86.48,6.1,8.75,323,691
P007,2026-05-16,78.54,5.68,7.9,292,624
P007,2026-05-17,72.07,5.34,7.21,266,569
P007,2026-05-18,72.11,5.36,7.2,266,568
P007,2026-05-19,78.78,5.72,7.86,290,620
P007,2026-05-22,87.65,6.24,8.82,326,696
P007,2026-05-23,79.52,5.84,8.06,298,636
P007,2026-05-24,72.85,5.53,7.44,275,587
P007,2026-05-25,72.69,5.49,7.49,277,591
P007,2026-05-26,79.15,5.8,8.23,304,650
P007,2026-05-29,87.41,6.16,9.35,345,738
P007,2026-05-30,79.06,5.71,8.52,315,673
P007,2026-05-31,72.19,5.34,7.84,290,619
P007,2026-06-01,71.83,5.33,7.85,290,620
P007,2026-06-02,78.1,5.66,8.57,317,677
P007,2026-06-05,85.79,6.09,9.45,349,746
P007,2026-06-06,77.27,5.67,8.5,314,671
P007,2026-06-07,70.24,5.32,7.69,284,607
P007,2026-06-08,69.72,5.31,7.59,280,599
P007,2026-06-09,75.84,5.64,8.21,303,648
P007,2026-06-12,83.15,6.06,8.76,324,692
P007,2026-06-13,74.53,5.64,7.78,287,614
P007,2026-06-14,67.4,5.29,6.97,257,550
P007,2026-06-15,66.8,5.28,6.85,253,541
P007,2026-06-16,72.85,5.61,7.4,273,584
P007,2026-06-19,80.05,6.03,8.0,296,632
P007,2026-06-20,71.42,5.61,7.13,263,563
P007,2026-06-21,64.29,5.26,6.41,237,506
P007,2026-06-22,63.71,5.25,6.37,235,503
P007,2026-06-23,69.79,5.58,7.0,259,553
P007,2026-06-26,77.15,6.01,7.9,292,624
P007,2026-06-27,68.6,5.58,7.09,262,560
P007,2026-06-28,61.57,5.23,6.42,237,507
P007,2026-06-29,61.09,5.22,6.43,237,507
P007,2026-06-30,67.29,5.58,7.15,264,564
P007,2026-07-03,75.08,6.09,8.17,302,645
P007,2026-07-04,66.69,5.69,7.3,270,576
P007,2026-07-05,59.82,5.37,6.57,243,519
P007,2026-07-06,59.52,5.39,6.56,242,518
P007,2026-07-07,65.91,5.7,7.27,268,574
P007,2026-07-10,74.27,6.05,8.12,300,641
P007,2026-07-11,66.08,5.68,7.18,265,567
P007,2026-07-12,59.42,5.34,6.41,237,506
P007,2026-07-13,59.33,5.33,6.35,234,501
P007,2026-07-14,65.92,5.54,6.99,258,552
P007,2026-07-24,76.84,6.0,7.67,283,605
P007,2026-07-25,69.01,5.58,6.9,255,545
P007,2026-07-26,62.7,5.24,6.3,233,497
P007,2026-07-27,62.94,5.24,6.36,235,502
P007,2026-07-28,69.84,5.58,7.11,263,561
P007,2026-07-31,79.67,6.03,8.33,308,658
P007,2026-08-01,71.92,5.61,7.59,280,599
P007,2026-08-02,65.67,5.27,7.0,259,553
P007,2026-08-03,65.96,5.27,7.09,262,560
P007,2026-08-04,72.91,5.61,7.9,292,624
P007,2026-08-07,82.78,6.06,9.11,337,719
P007,2026-08-08,75.02,5.64,8.27,305,653
P007,2026-08-09,68.74,5.3,7.58,280,598
P007,2026-08-10,68.99,5.3,7.59,280,599
P007,2026-08-11,75.89,5.64,8.32,307,657
P007,2026-08-14,85.51,6.16,9.2,340,726
P007,2026-08-15,77.64,5.77,8.29,306,654
P007,2026-08-16,71.25,5.46,7.53,278,594
P007,2026-08-17,71.37,5.48,7.48,276,590
P007,2026-08-18,78.13,5.84,8.11,300,640
P007,2026-08-21,87.28,6.21,8.83,326,697
P007,2026-08-22,79.23,5.76,7.97,294,629
P007,2026-08-23,72.66,5.39,7.27,268,574
P007,2026-08-24,72.6,5.36,7.25,268,572
P007,2026-08-25,79.16,5.67,7.9,292,624
P007,2026-08-28,87.7,6.11,8.83,326,697
P007,2026-08-29,79.45,5.69,8.05,297,635
P007,2026-08-30,72.67,5.34,7.42,274,586
P007,2026-08-31,72.4,5.33,7.45,275,588
P007,2026-09-01,78.76,5.67,8.18,302,646
P007,2026-09-04,86.7,6.12,9.27,342,732
P007,2026-09-05,78.25,5.68,8.44,312,666
P007,2026-09-06,71.28,5.4,7.74,286,611
P007,2026-09-07,70.83,5.42,7.74,286,611
P007,2026-09-08,77.01,5.77,8.45,312,667
P007,2026-09-11,84.47,6.28,9.31,344,735
P007,2026-09-12,75.89,5.88,8.34,308,658
P007,2026-09-13,68.79,5.3,7.53,278,594
P007,2026-09-14,68.22,5.29,7.43,274,586
P007,2026-09-15,74.29,5.62,8.04,297,635
P007,2026-09-26,69.83,5.67,6.97,257,550
P007,2026-09-27,62.74,5.35,6.26,231,494
P007,2026-09-28,62.21,5.36,6.22,230,491
P007,2026-09-29,68.34,5.72,6.86,253,541
P007,2026-10-02,75.91,6.12,7.77,287,613
P007,2026-10-03,67.43,5.67,6.96,257,549
P007,2026-10-04,60.48,5.3,6.3,233,497
P007,2026-10-05,60.09,5.26,6.32,233,499
P007,2026-10-06,66.39,5.57,7.05,260,556
P008,2026-04-10,77.83,6.01,7.77,170,668
P008,2026-04-11,69.36,5.58,6.95,152,597
P008,2026-04-12,64.99,5.36,6.54,143,562
P008,2026-04-13,68.29,5.5,6.92,152,595
P008,2026-04-16,86.59,6.34,9.0,198,774
P008,2026-04-17,80.79,6.04,8.47,186,728
P008,2026-04-18,72.41,5.61,7.67,168,659
P008,2026-04-19,68.11,5.38,7.28,160,626
P008,2026-04-20,71.48,5.53,7.7,169,662
P008,2026-04-23,89.87,6.37,9.86,216,847
P008,2026-04-24,84.07,6.07,9.26,203,796
P008,2026-04-25,75.68,5.64,8.34,183,717
P008,2026-04-26,71.35,5.41,7.86,172,675
P008,2026-04-27,74.68,5.56,8.21,180,706
P008,2026-04-30,92.87,6.4,10.05,221,864
P008,2026-05-01,86.98,6.1,9.34,205,803
P008,2026-05-02,78.48,5.67,8.35,183,718
P008,2026-05-03,74.03,5.44,7.81,171,671
P008,2026-05-04,77.23,5.58,8.07,177,694
P008,2026-05-07,94.96,6.42,9.66,212,830
P008,2026-05-08,88.89,6.12,8.97,197,771
P008,2026-05-09,80.21,5.71,8.05,177,692
P008,2026-05-10,75.57,5.51,7.56,166,650
P008,2026-05-11,78.57,5.67,7.84,172,674
P008,2026-05-14,95.67,6.58,9.6,211,825
P008,2026-05-15,89.39,6.3,9.01,198,774
P008,2026-05-16,80.49,5.84,8.17,179,702
P008,2026-05-17,75.64,5.58,7.74,170,665
P008,2026-05-18,78.42,5.7,8.1,178,696
P008,2026-05-21,94.87,6.44,10.08,221,866
P008,2026-05-22,88.38,6.11,9.47,208,814
P008,2026-05-23,79.28,5.68,8.57,188,737
P008,2026-05-24,74.22,5.44,8.08,177,694
P008,2026-05-25,76.81,5.58,8.41,185,723
P008,2026-05-28,92.73,6.4,10.22,224,878
P008,2026-05-29,86.07,6.09,9.48,208,815
P008,2026-05-30,76.82,5.65,8.44,185,725
P008,2026-05-31,71.62,5.42,7.83,172,673
P008,2026-06-01,74.08,5.58,8.05,177,692
P008,2026-06-11,86.42,6.34,8.66,190,744
P008,2026-06-12,79.71,6.03,7.96,175,684
P008,2026-06-13,70.43,5.59,7.03,154,604
P008,2026-06-14,65.24,5.36,6.51,143,559
P008,2026-06-15,67.73,5.5,6.78,149,583
P008,2026-06-18,83.61,6.31,8.51,187,731
P008,2026-06-19,77.02,6.0,7.9,173,679
P008,2026-06-20,67.87,5.57,7.03,154,604
P008,2026-06-21,62.82,5.36,6.57,144,565
P008,2026-06-22,65.46,5.53,6.91,152,594
P008,2026-06-25,81.86,6.43,8.87,195,762
P008,2026-06-26,75.46,6.15,8.23,181,707
P008,2026-06-27,66.5,5.74,7.29,160,626
P008,2026-06-28,61.66,5.48,6.78,149,583
P008,2026-06-29,64.51,5.59,7.11,156,611
P008,2026-07-02,81.54,6.35,8.95,196,769
P008,2026-07-03,75.36,6.02,8.23,181,707
P008,2026-07-04,66.63,5.56,7.23,159,621
P008,2026-07-05,62.0,5.33,6.68,146,574
P008,2026-07-06,65.07,5.47,6.95,152,597
P008,2026-07-09,82.73,6.3,8.59,188,738
P008,2026-07-10,76.76,6.0,7.89,173,678
P008,2026-07-11,68.21,5.57,6.95,152,597
P008,2026-07-12,63.77,5.34,6.45,141,554
P008,2026-07-13,67.02,5.49,6.74,148,579
P008,2026-07-16,85.17,6.33,8.5,187,731
P008,2026-07-17,79.34,6.03,7.92,174,681
P008,2026-07-18,70.92,5.6,7.1,156,610
P008,2026-07-19,66.6,5.37,6.7,147,576
P008,2026-07-20,69.95,5.52,7.08,155,608
P008,2026-07-23,88.34,6.36,9.18,201,789
P008,2026-07-24,82.55,6.06,8.66,190,744
P008,2026-07-25,74.18,5.63,7.85,172,675
P008,2026-07-26,69.88,5.4,7.47,164,642
P008,2026-07-27,73.24,5.55,7.89,173,678
P008,2026-07-30,91.56,6.39,10.05,221,864
P008,2026-07-31,85.72,6.09,9.44,207,811
P008,2026-08-01,77.28,5.66,8.52,187,732
P008,2026-08-02,72.9,5.43,8.03,176,690
P008,2026-08-03,76.17,5.6,8.38,184,720
P008,2026-08-06,94.14,6.51,10.19,224,876
P008,2026-08-07,88.16,6.24,9.47,208,814
P008,2026-08-08,79.57,5.83,8.47,186,728
P008,2026-08-09,75.02,5.63,7.91,174,680
P008,2026-08-10,78.12,5.75,8.16,179,701
P008,2026-08-13,95.53,6.53,9.71,213,835
P008,2026-08-14,89.35,6.22,9.02,198,775
P008,2026-08-15,80.55,5.71,8.09,177,695
P008,2026-08-16,75.8,5.56,7.58,166,651
P008,2026-08-17,78.68,5.72,7.85,172,675
P008,2026-08-27,93.87,6.41,9.97,219,857
P008,2026-08-28,87.28,6.1,9.35,205,804
P008,2026-08-29,78.08,5.67,8.44,185,725
P008,2026-08-30,72.94,5.43,7.94,174,682
P008,2026-08-31,75.45,5.57,8.26,181,710
P008,2026-09-03,91.17,6.38,10.05,221,864
P008,2026-09-04,84.47,6.07,9.3,204,799
P008,2026-09-05,75.16,5.64,8.26,181,710
P008,2026-09-06,69.93,5.4,7.65,168,657
P008,2026-09-07,72.36,5.54,7.87,173,676
P008,2026-09-10,87.92,6.35,9.33,205,802
P008,2026-09-11,81.19,6.04,8.54,187,734
P008,2026-09-12,71.88,5.61,7.48,164,643
P008,2026-09-13,66.65,5.37,6.88,151,591
P008,2026-09-14,69.1,5.51,7.07,155,608
P008,2026-09-17,84.81,6.4,8.5,187,731
P008,2026-09-18,78.16,6.12,7.81,171,671
P008,2026-09-19,68.94,5.71,6.88,151,591
P008,2026-09-20,63.81,5.5,6.37,140,547
P008,2026-09-21,66.38,5.66,6.64,146,571
P008,2026-09-24,82.51,6.41,8.4,184,722
P008,2026-09-25,76.01,6.07,7.8,171,670
P008,2026-09-26,66.96,5.61,6.93,152,595
P008,2026-09-27,62.02,5.35,6.48,142,557
P008,2026-09-28,64.77,5.47,6.84,150,588
P008,2026-10-01,81.5,6.29,8.83,194,759
P008,2026-10-02,75.22,5.99,8.2,180,705
P008,2026-10-03,66.38,5.56,7.27,159,625
P008,2026-10-04,61.65,5.32,6.78,149,583
P008,2026-10-05,64.62,5.47,7.12,156,612
P009,2026-04-10,89.8,5.9,9.44,254,877
P009,2026-04-11,81.25,5.52,8.63,233,802
P009,2026-04-12,79.61,5.43,8.53,230,793
P009,2026-04-13,86.52,5.71,9.35,252,869
P009,2026-04-15,103.93,6.42,11.37,306,1057
P009,2026-04-16,102.09,6.32,11.22,302,1043
P009,2026-04-17,93.42,5.93,10.29,277,956
P009,2026-04-18,84.8,5.55,9.35,252,869
P009,2026-04-19,83.08,5.46,9.15,247,850
P009,2026-04-20,89.89,5.73,9.88,266,918
P009,2026-04-22,107.05,6.44,11.64,314,1082
P009,2026-04-23,105.07,6.34,11.35,306,1055
P009,2026-04-24,96.23,5.95,10.31,278,958
P009,2026-04-25,87.45,5.57,9.28,250,863
P009,2026-04-26,85.54,5.48,9.0,243,837
P009,2026-04-27,92.16,5.75,9.6,259,892
P009,2026-04-29,108.9,6.46,11.14,300,1036
P009,2026-04-30,106.7,6.38,10.83,292,1007
P009,2026-05-01,97.64,6.02,9.84,265,915
P009,2026-05-02,88.62,5.66,8.89,240,826
P009,2026-05-03,86.48,5.59,8.64,233,803
P009,2026-05-04,92.86,5.89,9.26,250,861
P009,2026-05-06,109.11,6.64,10.91,294,1014
P009,2026-05-07,106.66,6.51,10.71,289,996
P009,2026-05-08,97.35,6.09,9.83,265,914
P009,2026-05-09,88.08,5.68,8.96,241,833
P009,2026-05-10,85.69,5.56,8.79,237,817
P009,2026-05-11,91.83,5.8,9.51,256,884
P009,2026-05-13,107.61,6.45,11.35,306,1055
P009,2026-05-14,104.93,6.34,11.17,301,1038
P009,2026-05-15,95.41,5.95,10.25,276,953
P009,2026-05-16,85.93,5.56,9.3,251,864
P009,2026-05-17,83.35,5.46,9.09,245,845
P009,2026-05-18,89.29,5.73,9.78,264,909
P009,2026-05-20,104.73,6.42,11.54,311,1073
P009,2026-05-21,101.9,6.32,11.23,303,1044
P009,2026-05-22,92.24,5.92,10.15,274,943
P009,2026-05-23,82.64,5.53,9.07,244,843
P009,2026-05-24,79.94,5.43,8.73,235,811
P009,2026-05-25,85.79,5.7,9.31,251,865
P009,2026-05-27,101.09,6.39,10.8,291,1004
P009,2026-05-28,98.21,6.29,10.39,280,966
P009,2026-05-29,88.52,5.89,9.28,250,863
P009,2026-05-30,78.9,5.5,8.19,221,761
P009,2026-05-31,76.21,5.4,7.84,211,729
P009,2026-06-01,82.08,5.67,8.37,225,778
P009,2026-06-03,97.46,6.36,9.8,264,911
P009,2026-06-04,94.66,6.26,9.48,255,881
P009,2026-06-05,85.04,5.86,8.49,229,789
P009,2026-06-06,75.53,5.47,7.53,203,700
P009,2026-06-07,72.95,5.37,7.28,196,677
P009,2026-06-08,78.94,5.64,7.9,213,734
P009,2026-06-10,94.62,6.34,9.58,258,890
P009,2026-06-11,91.99,6.24,9.38,253,872
P009,2026-06-12,82.56,5.87,8.49,229,789
P009,2026-06-13,73.23,5.5,7.6,205,706
P009,2026-06-14,70.85,5.44,7.43,200,690
P009,2026-06-15,77.06,5.73,8.16,220,758
P009,2026-06-17,93.19,6.48,10.04,271,933
P009,2026-06-18,90.78,6.41,9.85,265,916
P009,2026-06-19,81.59,5.99,8.91,240,828
P009,2026-06-20,72.5,5.58,7.96,214,740
P009,2026-06-21,70.37,5.46,7.75,209,720
P009,2026-06-22,76.83,5.71,8.47,228,787
P009,2026-06-24,93.45,6.36,10.28,277,956
P009,2026-06-25,91.29,6.23,10.0,270,930
P009,2026-06-26,82.35,5.84,8.98,242,835
P009,2026-06-27,73.5,5.45,7.96,214,740
P009,2026-06-28,71.61,5.36,7.69,207,715
P009,2026-06-29,78.3,5.64,8.34,225,775
P009,2026-07-01,95.36,6.35,9.97,269,927
P009,2026-07-02,93.42,6.25,9.67,261,899
P009,2026-07-03,84.67,5.86,8.69,234,808
P009,2026-07-04,76.02,5.47,7.73,208,718
P009,2026-07-05,74.3,5.39,7.5,202,697
P009,2026-07-06,81.15,5.66,8.15,220,757
P009,2026-07-08,98.52,6.37,9.83,265,914
P009,2026-07-09,96.7,6.28,9.65,260,897
P009,2026-07-10,88.06,5.89,8.8,237,818
P009,2026-07-11,79.5,5.5,7.97,215,741
P009,2026-07-12,77.87,5.41,7.85,211,730
P009,2026-07-13,84.79,5.69,8.6,232,799
P009,2026-07-15,102.23,6.4,10.55,284,981
P009,2026-07-16,100.43,6.31,10.46,282,972
P009,2026-07-17,91.79,5.92,9.65,260,897
P009,2026-07-18,83.22,5.53,8.83,238,821
P009,2026-07-19,81.55,5.44,8.74,235,812
P009,2026-07-20,88.42,5.72,9.55,257,888
P009,2026-07-22,105.72,6.46,11.57,312,1076
P009,2026-07-23,103.82,6.39,11.41,308,1061
P009,2026-07-24,95.07,6.02,10.47,282,973
P009,2026-07-25,86.37,5.59,9.52,257,885
P009,2026-07-26,84.56,5.65,9.31,251,865
P009,2026-07-27,91.28,5.97,10.03,270,932
P009,2026-08-05,109.23,6.51,11.17,301,1038
P009,2026-08-06,106.9,6.39,10.85,292,1009
P009,2026-08-07,97.7,5.97,9.85,265,916
P009,2026-08-08,88.55,5.58,8.88,239,825
P009,2026-08-09,86.27,5.48,8.62,232,801
P009,2026-08-10,92.51,5.76,9.23,249,858
P009,2026-08-12,108.5,6.45,10.85,292,1009
P009,2026-08-13,105.93,6.35,10.64,287,989
P009,2026-08-14,96.49,5.96,9.74,262,905
P009,2026-08-15,87.11,5.57,8.86,239,823
P009,2026-08-16,84.6,5.47,8.68,234,807
P009,2026-08-17,90.63,5.74,9.38,253,872
P009,2026-08-19,106.2,6.44,11.2,302,1041
P009,2026-08-20,103.44,6.33,11.01,297,1023
P009,2026-08-21,93.82,5.94,10.08,272,937
P009,2026-08-22,84.27,5.54,9.12,246,848
P009,2026-08-23,81.61,5.45,8.89,240,826
P009,2026-08-24,87.49,5.71,9.59,258,891
P009,2026-08-26,102.83,6.41,11.33,305,1053
P009,2026-08-27,99.96,6.3,11.02,297,1024
P009,2026-08-28,90.26,5.91,9.94,268,924
P009,2026-08-29,80.64,5.51,8.85,238,823
P009,2026-08-30,77.93,5.42,8.51,229,791
P009,2026-08-31,83.78,5.68,9.09,245,845
P009,2026-09-02,99.09,6.38,10.59,285,984
P009,2026-09-03,96.24,6.27,10.19,275,947
P009,2026-09-04,86.58,5.88,9.08,245,844
P009,2026-09-05,77.0,5.48,8.0,216,744
P009,2026-09-06,74.35,5.41,7.65,206,711
P009,2026-09-07,80.28,5.71,8.19,221,761
P009,2026-09-09,95.8,6.45,9.64,260,896
P009,2026-09-10,93.07,6.38,9.32,251,866
P009,2026-09-11,83.55,6.01,8.34,225,775
P009,2026-09-12,74.12,5.64,7.39,199,687
P009,2026-09-13,71.64,5.52,7.15,193,664
P009,2026-09-14,77.74,5.76,7.78,210,723
P009,2026-09-16,93.65,6.41,9.48,255,881
P009,2026-09-17,91.13,6.28,9.29,250,863
P009,2026-09-18,81.83,5.86,8.42,227,783
P009,2026-09-19,72.63,5.45,7.54,203,701
P009,2026-09-20,70.38,5.35,7.38,199,686
P009,2026-09-21,76.72,5.63,8.12,219,755
P009,2026-09-23,93.11,6.33,10.03,270,932
P009,2026-09-24,90.84,6.23,9.86,266,916
P009,2026-09-25,81.78,5.84,8.93,241,830
P009,2026-09-26,72.83,5.45,7.99,215,743
P009,2026-09-27,70.83,5.36,7.8,210,725
P009,2026-09-28,77.41,5.63,8.53,230,793
P009,2026-09-30,94.29,6.34,10.37,279,964
P009,2026-10-01,92.25,6.24,10.11,272,940
P009,2026-10-02,83.42,5.85,9.09,245,845
P009,2026-10-03,74.69,5.46,8.09,218,752
P009,2026-10-04,72.9,5.37,7.83,211,728
P009,2026-10-05,79.69,5.65,8.49,229,789
P010,2026-04-10,59.27,5.17,6.53,208,424
P010,2026-04-11,54.97,4.88,6.06,193,393
P010,2026-04-14,68.35,5.72,7.47,239,485
P010,2026-04-15,70.58,5.86,7.66,245,497
P010,2026-04-16,67.11,5.62,7.23,231,469
P010,2026-04-17,60.69,5.19,6.49,207,421
P010,2026-04-18,56.25,4.89,5.96,190,387
P010,2026-04-21,69.2,5.76,7.12,227,462
P010,2026-04-22,71.27,5.92,7.27,232,472
P010,2026-04-23,67.65,5.71,6.85,219,445
P010,2026-04-24,61.06,5.3,6.14,196,399
P010,2026-04-25,56.46,5.02,5.65,180,367
P010,2026-04-28,68.92,5.88,6.88,220,447
P010,2026-04-29,70.84,5.99,7.09,226,460
P010,2026-04-30,67.05,5.72,6.74,215,438
P010,2026-05-01,60.31,5.26,6.1,195,396
P010,2026-05-02,55.56,4.94,5.66,181,367
P010,2026-05-05,67.59,5.71,7.08,226,460
P010,2026-05-06,69.37,5.84,7.34,234,477
P010,2026-05-07,65.46,5.6,6.99,223,454
P010,2026-05-08,58.6,5.16,6.31,201,410
P010,2026-05-09,53.73,4.86,5.83,186,378
P010,2026-05-12,65.48,5.69,7.21,230,468
P010,2026-05-13,67.19,5.82,7.41,237,481
P010,2026-05-14,63.21,5.57,6.97,223,453
P010,2026-05-15,56.29,5.14,6.19,198,402
P010,2026-05-16,51.38,4.83,5.63,180,365
P010,2026-05-19,63.05,5.65,6.78,216,440
P010,2026-05-20,64.75,5.78,6.9,220,448
P010,2026-05-21,60.79,5.54,6.42,205,417
P010,2026-05-22,53.88,5.11,5.63,180,365
P010,2026-05-23,49.0,4.8,5.07,162,329
P010,2026-05-26,60.82,5.63,6.15,196,399
P010,2026-05-27,62.59,5.76,6.29,201,408
P010,2026-05-28,58.7,5.52,5.87,187,381
P010,2026-05-29,51.89,5.08,5.18,165,336
P010,2026-05-30,47.1,4.78,4.7,150,305
P010,2026-06-02,59.26,5.61,5.97,191,388
P010,2026-06-03,61.16,5.77,6.2,198,403
P010,2026-06-04,57.4,5.55,5.87,187,381
P010,2026-06-05,50.73,5.14,5.23,167,339
P010,2026-06-06,46.09,4.87,4.8,153,312
P010,2026-06-09,58.71,5.78,6.29,201,408
P010,2026-06-10,60.76,5.89,6.56,209,426
P010,2026-06-11,57.17,5.63,6.22,199,404
P010,2026-06-12,50.66,5.17,5.54,177,360
P010,2026-06-13,46.18,4.84,5.07,162,329
P010,2026-06-16,59.28,5.61,6.53,208,424
P010,2026-06-17,61.49,5.74,6.76,216,439
P010,2026-06-18,58.05,5.51,6.35,203,412
P010,2026-06-19,51.69,5.08,5.62,179,365
P010,2026-06-20,47.36,4.78,5.12,163,332
P010,2026-06-23,60.86,5.63,6.4,204,416
P010,2026-06-24,63.19,5.77,6.59,210,428
P010,2026-06-25,59.86,5.53,6.18,197,401
P010,2026-06-26,53.6,5.1,5.48,175,356
P010,2026-06-27,49.37,4.81,5.01,160,325
P010,2026-06-30,63.1,5.66,6.31,201,410
P010,2026-07-01,65.49,5.79,6.53,208,424
P010,2026-07-02,62.21,5.56,6.21,198,403
P010,2026-07-03,55.99,5.13,5.6,179,364
P010,2026-07-04,51.78,4.84,5.2,166,338
P010,2026-07-07,65.53,5.69,6.72,215,436
P010,2026-07-08,67.9,5.82,7.02,224,456
P010,2026-07-09,64.59,5.59,6.75,216,438
P010,2026-07-10,58.34,5.16,6.15,196,399
P010,2026-07-11,54.08,4.87,5.76,184,374
P010,2026-07-14,67.62,5.71,7.37,235,479
P010,2026-07-15,69.91,5.85,7.66,245,497
P010,2026-07-16,66.51,5.64,7.31,233,475
P010,2026-07-17,60.15,5.24,6.63,212,430
P010,2026-07-18,55.77,4.96,6.15,196,399
P010,2026-07-21,68.94,5.88,7.53,240,489
P010,2026-07-22,71.09,6.05,7.72,247,501
P010,2026-07-23,67.54,5.78,7.28,232,473
P010,2026-07-24,61.03,5.32,6.52,208,423
P010,2026-07-25,56.5,5.0,5.98,191,388
P010,2026-07-28,69.19,5.76,7.12,227,462
P010,2026-07-29,71.18,5.87,7.26,232,471
P010,2026-07-30,67.47,5.63,6.83,218,443
P010,2026-07-31,60.79,5.19,6.12,195,397
P010,2026-08-01,56.11,4.89,5.62,179,365
P010,2026-08-04,68.33,5.72,6.82,218,443
P010,2026-08-05,70.16,5.85,7.02,224,456
P010,2026-08-06,66.31,5.61,6.67,213,433
P010,2026-08-07,59.49,5.18,6.02,192,391
P010,2026-08-08,54.67,4.87,5.57,178,362
P010,2026-08-11,66.53,5.7,6.97,223,453
P010,2026-08-12,68.26,5.83,7.22,231,469
P010,2026-08-13,64.31,5.59,6.86,219,445
P010,2026-08-14,57.41,5.15,6.18,197,401
P010,2026-08-15,52.51,4.85,5.7,182,370
P010,2026-08-18,64.19,5.67,7.06,225,458
P010,2026-08-19,65.88,5.8,7.26,232,471
P010,2026-08-20,61.9,5.56,6.82,218,443
P010,2026-08-21,54.98,5.12,6.05,193,393
P010,2026-08-22,50.08,4.81,5.49,175,356
P010,2026-08-25,61.8,5.64,6.64,212,431
P010,2026-08-26,63.53,5.77,6.77,216,440
P010,2026-08-27,59.59,5.53,6.29,201,408
P010,2026-08-28,52.73,5.12,5.51,176,358
P010,2026-08-29,47.89,4.84,4.96,158,322
P010,2026-09-01,59.88,5.74,6.05,193,393
P010,2026-09-02,61.71,5.9,6.2,198,403
P010,2026-09-03,57.88,5.69,5.79,185,376
P010,2026-09-04,51.14,5.23,5.1,163,331
P010,2026-09-05,46.43,4.9,4.63,148,300
P010,2026-09-08,58.83,5.65,5.93,189,385
P010,2026-09-09,60.81,5.76,6.17,197,401
P010,2026-09-10,57.14,5.5,5.84,186,379
P010,2026-09-11,50.55,5.06,5.21,166,338
P010,2026-09-12,46.0,4.76,4.79,153,311
P010,2026-09-15,58.88,5.6,6.3,201,409
P010,2026-09-16,61.02,5.74,6.59,210,428
P010,2026-09-17,57.51,5.5,6.25,200,406
P010,2026-09-18,51.08,5.07,5.59,178,363
P010,2026-09-19,46.69,4.77,5.13,164,333
P010,2026-09-22,60.02,5.62,6.61,211,429
P010,2026-09-23,62.3,5.75,6.85,219,445
P010,2026-09-24,58.93,5.52,6.45,206,419
P010,2026-09-25,52.63,5.09,5.73,183,372
P010,2026-09-26,48.35,4.79,5.23,167,339
P010,2026-09-29,62.01,5.64,6.53,208,424
P010,2026-09-30,64.38,5.78,6.71,214,436
P010,2026-10-01,61.08,5.55,6.31,201,410
P010,2026-10-02,54.86,5.12,5.61,179,364
P010,2026-10-03,50.64,4.82,5.14,164,334
P010,2026-10-06,64.41,5.67,6.44,206,418
P011,2026-04-10,71.71,5.46,7.64,282,550
P011,2026-04-13,80.2,5.96,8.31,307,598
P011,2026-04-14,86.28,6.32,8.86,327,637
P011,2026-04-15,85.94,6.33,8.75,323,630
P011,2026-04-16,79.38,6.0,8.02,296,577
P011,2026-04-17,71.48,5.61,7.18,265,516
P011,2026-04-20,79.38,6.03,7.92,293,570
P011,2026-04-21,85.28,6.33,8.52,315,613
P011,2026-04-22,84.75,6.29,8.49,314,611
P011,2026-04-23,78.01,5.91,7.86,290,565
P011,2026-04-24,69.93,5.46,7.09,262,510
P011,2026-04-27,77.37,5.88,8.05,297,579
P011,2026-04-28,83.12,6.21,8.73,323,628
P011,2026-04-29,82.46,6.19,8.75,323,630
P011,2026-04-30,75.6,5.84,8.09,299,582
P011,2026-05-01,67.41,5.41,7.27,268,523
P011,2026-05-04,74.58,5.85,8.19,303,589
P011,2026-05-05,80.27,6.18,8.84,327,636
P011,2026-05-06,79.56,6.16,8.77,324,631
P011,2026-05-07,72.66,5.81,8.01,296,576
P011,2026-05-08,64.45,5.38,7.08,261,509
P011,2026-05-11,71.63,5.82,7.74,286,557
P011,2026-05-12,77.35,6.15,8.29,306,596
P011,2026-05-13,76.68,6.13,8.15,301,586
P011,2026-05-14,69.83,5.78,7.35,271,529
P011,2026-05-15,61.69,5.35,6.43,237,462
P011,2026-05-18,69.13,5.82,7.02,259,505
P011,2026-05-19,74.97,6.12,7.56,279,544
P011,2026-05-20,74.42,6.18,7.47,276,537
P011,2026-05-21,67.71,5.86,6.77,250,487
P011,2026-05-22,59.71,5.46,5.96,220,429
P011,2026-05-25,67.64,6.01,6.79,251,488
P011,2026-06-03,73.49,6.2,7.95,294,572
P011,2026-06-04,67.16,5.83,7.32,270,527
P011,2026-06-05,59.54,5.38,6.52,241,469
P011,2026-06-08,68.62,5.79,7.57,280,545
P011,2026-06-09,75.0,6.12,8.26,305,594
P011,2026-06-10,75.01,6.11,8.23,304,592
P011,2026-06-11,68.85,5.77,7.52,278,541
P011,2026-06-12,61.39,5.35,6.67,246,480
P011,2026-06-15,70.89,5.81,7.51,277,540
P011,2026-06-16,77.4,6.15,8.12,300,584
P011,2026-06-17,77.52,6.14,8.06,298,580
P011,2026-06-18,71.45,5.79,7.36,272,529
P011,2026-06-19,64.09,5.38,6.54,241,470
P011,2026-06-22,73.78,5.84,7.39,273,532
P011,2026-06-23,80.33,6.18,8.02,296,577
P011,2026-06-24,80.47,6.17,8.03,297,578
P011,2026-06-25,74.42,5.82,7.43,274,534
P011,2026-06-26,67.06,5.41,6.71,248,483
P011,2026-06-29,76.68,5.87,7.81,288,562
P011,2026-06-30,83.17,6.21,8.55,316,615
P011,2026-07-01,83.25,6.2,8.63,319,621
P011,2026-07-02,77.12,5.85,8.08,298,581
P011,2026-07-03,69.66,5.43,7.36,272,529
P011,2026-07-06,78.95,5.9,8.56,316,616
P011,2026-07-07,85.31,6.26,9.31,344,670
P011,2026-07-08,85.24,6.27,9.35,345,673
P011,2026-07-09,78.97,5.95,8.69,321,625
P011,2026-07-10,71.35,5.56,7.86,290,565
P011,2026-07-13,80.12,6.09,8.78,324,632
P011,2026-07-14,86.29,6.4,9.41,348,677
P011,2026-07-15,86.04,6.35,9.32,344,671
P011,2026-07-16,79.57,5.98,8.56,316,616
P011,2026-07-17,71.76,5.53,7.65,283,550
P011,2026-07-20,79.93,5.91,8.28,306,596
P011,2026-07-21,85.91,6.24,8.82,326,635
P011,2026-07-22,85.46,6.22,8.7,321,626
P011,2026-07-23,78.8,5.87,7.97,294,573
P011,2026-07-24,70.8,5.45,7.11,263,511
P011,2026-07-27,78.43,5.89,7.82,289,563
P011,2026-07-28,84.24,6.22,8.41,311,605
P011,2026-07-29,83.63,6.23,8.38,310,603
P011,2026-07-30,76.82,5.85,7.74,286,557
P011,2026-07-31,68.67,5.5,6.96,257,501
P011,2026-08-03,75.93,5.87,7.9,292,568
P011,2026-08-04,81.64,6.37,8.58,317,617
P011,2026-08-05,80.94,6.37,8.58,317,617
P011,2026-08-06,74.05,6.05,7.92,293,570
P011,2026-08-07,65.84,5.4,7.1,262,511
P011,2026-08-10,72.98,5.84,8.01,296,576
P011,2026-08-11,78.67,6.16,8.66,320,623
P011,2026-08-12,77.97,6.14,8.6,318,619
P011,2026-08-21,60.5,5.42,6.31,233,454
P011,2026-08-24,68.18,5.94,6.92,256,498
P011,2026-08-25,74.1,6.3,7.47,276,537
P011,2026-08-26,73.65,6.25,7.39,273,532
P011,2026-08-27,67.03,5.88,6.7,247,482
P011,2026-08-28,59.13,5.43,5.9,218,424
P011,2026-08-31,67.36,5.8,6.76,250,486
P011,2026-09-01,73.47,6.11,7.41,274,533
P011,2026-09-02,73.21,6.09,7.44,275,535
P011,2026-09-03,66.8,5.74,6.84,253,492
P011,2026-09-04,59.09,5.33,6.11,226,439
P011,2026-09-07,67.92,5.78,7.22,267,519
P011,2026-09-08,74.22,6.12,7.96,294,573
P011,2026-09-09,74.15,6.1,8.02,296,577
P011,2026-09-10,67.92,5.76,7.4,273,532
P011,2026-09-11,60.4,5.34,6.61,244,475
P011,2026-09-14,69.73,5.83,7.69,284,553
P011,2026-09-15,76.19,6.14,8.39,310,604
P011,2026-09-16,76.26,6.2,8.37,309,602
P011,2026-09-17,70.16,5.88,7.67,283,552
P011,2026-09-18,62.76,5.49,6.82,252,491
P011,2026-09-21,72.4,6.03,7.67,283,552
P011,2026-09-22,78.94,6.39,8.29,306,596
P011,2026-09-23,79.08,6.15,8.22,304,591
P011,2026-09-24,73.04,5.81,7.52,278,541
P011,2026-09-25,65.68,5.39,6.71,248,483
P011,2026-09-28,75.38,5.86,7.55,279,543
P011,2026-09-29,81.9,6.19,8.18,302,588
P011,2026-09-30,82.02,6.18,8.18,302,588
P011,2026-10-01,75.94,5.86,7.58,280,545
P011,2026-10-02,68.54,5.48,6.86,253,493
P011,2026-10-05,78.01,6.02,7.95,294,572
P011,2026-10-06,84.44,6.38,8.68,321,624
P012,2026-04-10,96.98,6.16,9.73,214,768
P012,2026-04-12,104.16,6.4,10.39,228,820
P012,2026-04-13,115.07,6.8,11.48,252,906
P012,2026-04-14,120.31,6.98,12.03,264,950
P012,2026-04-15,115.68,6.79,11.61,255,917
P012,2026-04-16,104.42,6.35,10.54,231,832
P012,2026-04-17,94.7,5.99,9.62,211,759
P012,2026-04-19,101.52,6.27,10.49,230,828
P012,2026-04-20,112.26,6.7,11.71,257,925
P012,2026-04-21,117.35,6.9,12.36,271,976
P012,2026-04-22,112.6,6.74,11.97,263,945
P012,2026-04-23,101.21,6.32,10.86,238,857
P012,2026-04-24,91.4,5.96,9.88,217,780
P012,2026-04-26,98.07,6.24,10.74,236,848
P012,2026-04-27,108.77,6.67,11.96,263,944
P012,2026-04-28,113.84,6.87,12.54,275,990
P012,2026-04-29,109.08,6.71,12.03,264,950
P012,2026-04-30,97.71,6.29,10.76,236,850
P012,2026-05-01,87.92,5.93,9.65,212,762
P012,2026-05-03,94.71,6.24,10.29,226,812
P012,2026-05-04,105.5,6.69,11.38,250,899
P012,2026-05-05,110.66,6.85,11.84,260,935
P012,2026-05-06,106.02,6.78,11.24,247,887
P012,2026-05-07,94.79,6.39,9.95,218,786
P012,2026-05-08,85.16,6.05,8.86,194,699
P012,2026-05-10,92.29,6.39,9.43,207,744
P012,2026-05-11,103.27,6.84,10.47,230,827
P012,2026-05-12,108.65,7.08,10.94,240,864
P012,2026-05-13,104.23,6.66,10.44,229,824
P012,2026-05-22,84.38,6.07,8.75,192,691
P012,2026-05-24,92.58,6.31,9.78,215,772
P012,2026-05-25,104.1,6.72,11.1,244,876
P012,2026-05-26,110.02,6.9,11.84,260,935
P012,2026-05-27,106.14,6.72,11.51,253,909
P012,2026-05-28,95.68,6.28,10.44,229,824
P012,2026-05-29,86.83,5.9,9.52,209,752
P012,2026-05-31,95.52,6.2,10.53,231,831
P012,2026-06-01,107.27,6.63,11.82,260,933
P012,2026-06-02,113.4,6.85,12.48,274,985
P012,2026-06-03,109.73,6.69,12.03,264,950
P012,2026-06-04,99.46,6.27,10.85,238,857
P012,2026-06-05,90.79,5.92,9.84,216,777
P012,2026-06-07,99.79,6.23,10.64,234,840
P012,2026-06-08,111.68,6.66,11.8,259,932
P012,2026-06-09,117.93,6.87,12.34,271,974
P012,2026-06-10,114.36,6.72,11.86,260,936
P012,2026-06-11,104.17,6.3,10.7,235,845
P012,2026-06-12,95.56,5.95,9.73,214,768
P012,2026-06-14,104.64,6.26,10.52,231,831
P012,2026-06-15,116.54,6.69,11.66,256,921
P012,2026-06-16,122.78,6.91,12.26,269,968
P012,2026-06-17,119.18,6.75,11.89,261,939
P012,2026-06-18,108.95,6.33,10.88,239,859
P012,2026-06-19,100.27,5.98,10.05,221,793
P012,2026-06-21,109.17,6.28,11.06,243,873
P012,2026-06-22,120.95,6.72,12.35,271,975
P012,2026-06-23,127.06,6.93,13.09,287,1034
P012,2026-06-24,123.31,6.77,12.82,282,1012
P012,2026-06-25,112.91,6.38,11.86,260,936
P012,2026-06-26,104.05,6.06,11.03,242,871
P012,2026-07-05,114.2,6.47,12.55,276,991
P012,2026-07-06,125.49,6.87,13.74,302,1085
P012,2026-07-07,131.09,7.05,14.27,313,1127
P012,2026-07-08,126.82,6.86,13.71,301,1083
P012,2026-07-09,115.89,6.42,12.43,273,981
P012,2026-07-10,106.51,6.04,11.33,249,895
P012,2026-07-12,113.92,6.3,11.89,261,939
P012,2026-07-13,124.93,6.73,12.91,284,1019
P012,2026-07-14,130.27,6.94,13.34,293,1053
P012,2026-07-15,125.75,6.77,12.78,281,1009
P012,2026-07-16,114.57,6.36,11.56,254,913
P012,2026-07-17,104.94,6.0,10.53,231,831
P012,2026-07-19,111.9,6.28,11.16,245,881
P012,2026-07-20,122.71,6.71,12.24,269,966
P012,2026-07-21,127.85,6.92,12.78,281,1009
P012,2026-07-22,123.14,6.75,12.36,271,976
P012,2026-07-23,111.8,6.33,11.28,248,891
P012,2026-07-24,102.02,5.97,10.36,227,818
P012,2026-07-26,108.72,6.26,11.23,247,887
P012,2026-07-27,119.43,6.68,12.46,274,984
P012,2026-07-28,124.49,6.89,13.11,288,1035
P012,2026-07-29,119.71,6.72,12.73,280,1005
P012,2026-07-30,108.32,6.3,11.62,255,917
P012,2026-07-31,98.51,5.94,10.65,234,841
P012,2026-08-02,105.21,6.23,11.52,253,910
P012,2026-08-03,115.94,6.65,12.74,280,1006
P012,2026-08-04,121.05,6.86,13.34,293,1053
P012,2026-08-05,116.33,6.69,12.83,282,1013
P012,2026-08-06,105.02,6.27,11.56,254,913
P012,2026-08-07,95.31,5.91,10.47,230,827
P012,2026-08-09,102.26,6.2,11.11,244,877
P012,2026-08-10,113.14,6.65,12.2,268,963
P012,2026-08-11,118.4,6.89,12.67,278,1000
P012,2026-08-12,113.87,6.75,12.07,265,953
P012,2026-08-13,102.75,6.35,10.79,237,852
P012,2026-08-14,93.24,6.02,9.7,213,766
P012,2026-08-16,100.64,6.36,10.28,226,812
P012,2026-08-17,111.75,6.76,11.33,249,895
P012,2026-08-18,117.27,6.95,11.81,259,932
P012,2026-08-19,112.99,6.76,11.32,249,894
P012,2026-08-20,102.13,6.32,10.2,224,805
P012,2026-08-21,92.89,5.94,9.27,203,732
P012,2026-08-23,100.84,6.18,10.09,221,797
P012,2026-08-24,112.23,6.61,11.28,248,891
P012,2026-08-25,118.03,6.82,11.93,262,942
P012,2026-08-26,114.03,6.69,11.61,255,917
P012,2026-08-27,103.45,6.3,10.63,233,839
P012,2026-08-28,94.48,5.89,9.79,215,773
P012,2026-08-30,102.96,6.32,10.88,239,859
P012,2026-08-31,114.61,6.77,12.22,268,965
P012,2026-09-01,120.66,6.84,12.98,285,1025
P012,2026-09-02,116.9,6.88,12.67,278,1000
P012,2026-09-03,106.55,6.49,11.62,255,917
P012,2026-09-04,97.81,6.16,10.72,235,846
P012,2026-09-06,106.69,6.21,11.76,258,929
P012,2026-09-07,118.53,6.64,13.07,287,1032
P012,2026-09-08,124.75,6.86,13.73,302,1084
P012,2026-09-09,121.14,6.7,13.28,292,1049
P012,2026-09-10,110.93,6.29,12.1,266,955
P012,2026-09-11,102.31,5.94,11.09,243,876
P012,2026-09-20,116.17,6.27,11.68,256,922
P012,2026-09-21,128.02,6.7,12.81,281,1011
P012,2026-09-22,134.21,6.95,13.4,294,1058
P012,2026-09-23,130.54,6.81,13.02,286,1028
P012,2026-09-24,120.23,6.43,12.01,264,948
P012,2026-09-25,111.47,6.1,11.17,245,882
P012,2026-09-27,120.18,6.45,12.18,267,962
P012,2026-09-28,131.84,6.91,13.46,296,1063
P012,2026-09-29,135,7.1,13.91,306,1098
P012,2026-09-30,133.97,6.91,13.93,306,1100
P012,2026-10-01,123.45,6.47,12.96,285,1023
P012,2026-10-02,114.46,6.09,12.13,266,958
P012,2026-10-04,122.68,6.33,13.23,291,1045
P012,2026-10-05,134.09,6.74,14.57,320,1151
P012,2026-10-06,135,6.95,14.75,324,1165
P013,2026-04-11,62.38,5.22,6.41,173,551
P013,2026-04-12,69.02,5.62,7.15,193,614
P013,2026-04-13,75.24,5.99,7.87,212,676
P013,2026-04-14,76.07,6.06,8.04,217,691
P013,2026-04-15,70.57,5.76,7.52,203,646
P013,2026-04-18,59.57,5.19,6.5,175,559
P013,2026-04-19,66.22,5.59,7.26,196,624
P013,2026-04-20,72.46,5.96,7.97,215,685
P013,2026-04-21,73.31,6.03,8.08,218,694
P013,2026-04-22,67.85,5.73,7.48,201,643
P013,2026-04-25,57.04,5.16,6.22,167,534
P013,2026-04-26,63.77,5.56,6.92,186,595
P013,2026-04-27,70.1,5.94,7.54,203,648
P013,2026-04-28,71.06,6.0,7.58,204,651
P013,2026-04-29,65.72,5.71,6.95,187,597
P013,2026-05-02,55.32,5.14,5.68,153,488
P013,2026-05-03,62.2,5.54,6.34,171,545
P013,2026-05-04,68.69,5.92,6.95,187,597
P013,2026-05-05,69.81,5.99,7.02,189,603
P013,2026-05-06,64.64,5.7,6.47,174,556
P013,2026-05-09,54.77,5.22,5.47,147,470
P013,2026-05-10,61.84,5.64,6.2,167,533
P013,2026-05-11,68.52,6.05,6.9,186,593
P013,2026-05-12,69.83,6.15,7.07,190,608
P013,2026-05-13,64.84,5.88,6.62,178,569
P013,2026-05-16,55.52,5.25,5.83,157,501
P013,2026-05-17,62.77,5.63,6.65,179,571
P013,2026-05-18,69.62,5.98,7.44,200,639
P013,2026-05-19,71.1,6.03,7.67,207,659
P013,2026-05-20,66.28,5.72,7.2,194,619
P013,2026-05-23,57.41,5.17,6.32,170,543
P013,2026-05-24,64.78,5.57,7.14,192,614
P013,2026-05-25,71.76,5.96,7.91,213,680
P013,2026-05-26,73.36,6.03,8.07,217,694
P013,2026-05-27,68.64,5.74,7.52,203,646
P013,2026-05-30,60.03,5.2,6.44,173,553
P013,2026-05-31,67.46,5.6,7.18,193,617
P013,2026-06-01,74.49,5.99,7.85,211,675
P013,2026-06-02,76.12,6.06,7.95,214,683
P013,2026-06-03,71.43,5.77,7.39,199,635
P013,2026-06-06,62.81,5.23,6.34,171,545
P013,2026-06-07,70.22,5.63,7.05,190,606
P013,2026-06-08,77.21,6.01,7.72,208,663
P013,2026-06-09,78.8,6.09,7.86,212,675
P013,2026-06-10,74.04,5.8,7.39,199,635
P013,2026-06-13,65.18,5.25,6.57,177,565
P013,2026-06-14,72.48,5.68,7.36,198,632
P013,2026-06-15,79.36,6.09,8.12,219,698
P013,2026-06-16,80.81,6.19,8.35,225,718
P013,2026-06-17,75.93,5.82,7.92,213,681
P013,2026-06-20,66.61,5.5,7.14,192,614
P013,2026-06-21,73.75,5.75,7.97,215,685
P013,2026-06-22,80.46,6.38,8.76,236,753
P013,2026-06-23,81.74,6.5,8.95,241,769
P013,2026-06-24,76.68,5.99,8.43,227,724
P013,2026-06-27,66.81,5.4,7.36,198,632
P013,2026-06-28,73.76,5.77,8.1,218,696
P013,2026-06-29,80.28,6.13,8.78,237,755
P013,2026-06-30,81.38,6.17,8.85,238,761
P013,2026-07-01,76.13,5.85,8.22,221,706
P013,2026-07-04,65.73,5.26,6.91,186,594
P013,2026-07-05,72.51,5.66,7.55,203,649
P013,2026-07-06,78.87,6.03,8.13,219,699
P013,2026-07-07,79.81,6.1,8.16,220,701
P013,2026-07-08,74.41,5.81,7.54,203,648
P013,2026-07-11,63.6,5.23,6.35,171,546
P013,2026-07-12,70.27,5.63,7.01,189,602
P013,2026-07-13,76.52,6.01,7.64,206,657
P013,2026-07-14,77.36,6.07,7.74,208,665
P013,2026-07-15,71.87,5.78,7.22,194,620
P013,2026-07-18,60.88,5.21,6.25,168,537
P013,2026-07-19,67.51,5.6,6.99,188,601
P013,2026-07-20,73.73,5.98,7.71,208,663
P013,2026-07-21,74.56,6.04,7.87,212,676
P013,2026-07-22,69.07,5.75,7.36,198,632
P013,2026-07-25,58.15,5.18,6.34,171,545
P013,2026-07-26,64.82,5.57,7.11,191,611
P013,2026-07-27,71.11,5.95,7.82,211,672
P013,2026-07-28,72.01,6.01,7.94,214,682
P013,2026-07-29,66.6,5.72,7.34,198,631
P013,2026-08-01,55.99,5.18,6.11,164,525
P013,2026-08-02,62.79,5.6,6.81,183,585
P013,2026-08-03,69.21,6.01,7.45,201,640
P013,2026-08-04,70.25,6.1,7.5,202,645
P013,2026-08-15,55.02,5.14,5.49,148,472
P013,2026-08-16,62.18,5.54,6.23,168,535
P013,2026-08-17,68.96,5.92,6.94,187,596
P013,2026-08-18,70.36,6.0,7.13,192,613
P013,2026-08-19,65.47,5.71,6.68,180,574
P013,2026-08-22,56.41,5.16,5.92,159,509
P013,2026-08-23,63.73,5.56,6.75,182,580
P013,2026-08-24,70.66,5.94,7.55,203,649
P013,2026-08-25,72.21,6.02,7.78,210,669
P013,2026-08-26,67.46,5.73,7.33,197,630
P013,2026-08-29,58.75,5.18,6.47,174,556
P013,2026-08-30,66.17,5.59,7.29,196,626
P013,2026-08-31,73.19,5.97,8.07,217,694
P013,2026-09-01,74.81,6.05,8.23,222,707
P013,2026-09-02,70.12,5.76,7.68,207,660
P013,2026-09-05,61.54,5.21,6.61,178,568
P013,2026-09-06,68.97,5.62,7.34,198,631
P013,2026-09-07,75.99,6.0,8.01,216,688
P013,2026-09-08,77.6,6.08,8.1,218,696
P013,2026-09-09,72.89,5.79,7.54,203,648
P013,2026-09-12,64.17,5.24,6.48,174,557
P013,2026-09-13,71.53,5.67,7.18,193,617
P013,2026-09-14,78.47,6.08,7.85,211,675
P013,2026-09-15,79.99,6.18,7.98,215,686
P013,2026-09-16,75.17,5.92,7.5,202,645
P013,2026-09-19,66.09,5.44,6.67,180,573
P013,2026-09-20,73.31,5.82,7.44,200,639
P013,2026-09-21,80.1,6.18,8.2,221,705
P013,2026-09-22,81.47,6.22,8.41,227,723
P013,2026-09-23,76.49,5.91,7.97,215,685
P013,2026-09-26,66.88,5.27,7.17,193,616
P013,2026-09-27,73.92,5.67,7.99,215,687
P013,2026-09-28,80.53,6.05,8.76,236,753
P013,2026-09-29,81.71,6.12,8.94,241,768
P013,2026-09-30,76.54,5.83,8.41,227,723
P013,2026-10-03,66.38,5.27,7.31,197,628
P013,2026-10-04,73.24,5.67,8.04,217,691
P013,2026-10-05,79.66,6.04,8.71,235,749
P013,2026-10-06,80.67,6.11,8.77,236,754
P014,2026-04-10,59.36,5.25,6.45,206,599
P014,2026-04-11,63.71,5.5,6.96,222,647
P014,2026-04-12,71.3,5.93,7.83,250,728
P014,2026-04-13,76.14,6.21,8.38,268,779
P014,2026-04-14,74.3,6.13,8.19,262,761
P014,2026-04-17,56.94,5.22,6.24,199,580
P014,2026-04-18,61.41,5.48,6.69,214,622
P014,2026-04-19,69.13,5.91,7.48,239,695
P014,2026-04-20,74.11,6.19,7.96,254,740
P014,2026-04-21,72.42,6.11,7.71,246,717
P014,2026-04-24,55.54,5.21,5.75,184,534
P014,2026-04-25,60.19,5.47,6.17,197,573
P014,2026-04-26,68.09,5.9,6.92,221,643
P014,2026-04-27,73.25,6.18,7.4,236,688
P014,2026-04-28,71.75,6.13,7.2,230,669
P014,2026-05-01,55.46,5.39,5.53,176,514
P014,2026-05-02,60.3,5.7,6.03,192,560
P014,2026-05-03,68.4,6.06,6.86,219,637
P014,2026-05-04,73.75,6.52,7.44,238,691
P014,2026-05-05,72.44,6.44,7.35,235,683
P014,2026-05-08,56.7,5.55,5.91,189,549
P014,2026-05-09,61.72,5.53,6.49,207,603
P014,2026-05-10,69.99,5.95,7.44,238,691
P014,2026-05-11,75.5,6.21,8.09,258,752
P014,2026-05-12,74.35,6.13,8.03,256,746
P014,2026-05-15,59.02,5.25,6.49,207,603
P014,2026-05-16,64.15,5.51,7.07,226,657
P014,2026-05-25,81.08,6.26,8.52,272,792
P014,2026-05-26,80.0,6.19,8.33,266,774
P014,2026-05-29,64.74,5.31,6.57,210,611
P014,2026-05-30,69.85,5.57,7.04,225,654
P014,2026-05-31,78.17,6.0,7.84,250,729
P014,2026-06-01,83.7,6.29,8.36,267,777
P014,2026-06-02,82.53,6.21,8.23,263,765
P014,2026-06-05,66.93,5.33,6.72,215,624
P014,2026-06-06,71.9,5.59,7.26,232,675
P014,2026-06-07,80.07,6.02,8.15,260,757
P014,2026-06-08,85.45,6.31,8.77,280,815
P014,2026-06-09,84.12,6.23,8.71,278,810
P014,2026-06-12,67.99,5.42,7.24,231,673
P014,2026-06-13,72.78,5.7,7.82,250,727
P014,2026-06-14,80.77,6.16,8.75,280,813
P014,2026-06-15,85.95,6.47,9.37,299,871
P014,2026-06-16,84.43,6.41,9.25,296,860
P014,2026-06-19,67.71,5.44,7.46,238,693
P014,2026-06-20,72.3,5.67,7.96,254,740
P014,2026-06-21,80.1,6.08,8.79,281,817
P014,2026-06-22,85.09,6.33,9.29,297,863
P014,2026-06-23,83.38,6.22,9.05,289,841
P014,2026-06-26,66.14,5.32,7.0,224,651
P014,2026-06-27,70.57,5.57,7.39,236,687
P014,2026-06-28,78.21,6.0,8.12,259,755
P014,2026-06-29,83.06,6.28,8.54,273,794
P014,2026-06-30,81.21,6.2,8.28,264,770
P014,2026-07-03,63.62,5.29,6.37,203,592
P014,2026-07-04,67.95,5.55,6.78,216,630
P014,2026-07-05,75.51,5.98,7.53,240,700
P014,2026-07-06,80.29,6.26,8.02,256,745
P014,2026-07-07,78.38,6.17,7.85,251,730
P014,2026-07-10,60.68,5.26,6.19,198,575
P014,2026-07-11,65.01,5.52,6.69,214,622
P014,2026-07-12,72.57,5.95,7.54,241,701
P014,2026-07-13,77.37,6.22,8.11,259,754
P014,2026-07-14,75.49,6.14,7.99,255,743
P014,2026-07-17,57.96,5.24,6.29,201,584
P014,2026-07-18,62.37,5.49,6.81,217,633
P014,2026-07-19,70.02,5.92,7.68,245,714
P014,2026-07-20,74.92,6.2,8.25,264,767
P014,2026-07-21,73.16,6.12,8.07,258,750
P014,2026-07-24,56.04,5.27,6.14,196,571
P014,2026-07-25,60.6,5.55,6.6,211,613
P014,2026-07-26,68.41,6.01,7.4,236,688
P014,2026-07-27,73.48,6.31,7.89,252,733
P014,2026-07-28,71.89,6.26,7.65,244,711
P014,2026-07-31,55.32,5.34,5.72,183,531
P014,2026-08-01,60.07,5.57,6.16,197,572
P014,2026-08-02,68.08,5.98,6.92,221,643
P014,2026-08-03,73.35,6.24,7.41,237,689
P014,2026-08-04,71.95,6.13,7.22,231,671
P014,2026-08-07,55.97,5.21,5.58,178,518
P014,2026-08-08,60.91,5.47,6.09,194,566
P014,2026-08-09,69.11,5.91,6.93,221,644
P014,2026-08-10,74.55,6.2,7.52,240,699
P014,2026-08-11,73.33,6.12,7.44,238,691
P014,2026-08-14,57.84,5.23,6.03,192,560
P014,2026-08-15,62.93,5.5,6.62,211,615
P014,2026-08-16,71.26,5.93,7.57,242,704
P014,2026-08-17,76.84,6.22,8.23,263,765
P014,2026-08-18,75.74,6.14,8.18,261,760
P014,2026-08-21,60.53,5.26,6.65,212,618
P014,2026-08-22,65.69,5.52,7.24,231,673
P014,2026-08-23,74.09,5.96,8.17,261,759
P014,2026-08-24,79.71,6.25,8.78,280,816
P014,2026-08-25,78.65,6.17,8.64,276,803
P014,2026-08-28,63.47,5.29,6.85,219,637
P014,2026-08-29,68.61,5.55,7.35,235,683
P014,2026-08-30,76.98,5.99,8.17,261,759
P014,2026-08-31,82.56,6.28,8.68,277,807
P014,2026-09-01,81.44,6.2,8.48,271,788
P014,2026-09-04,66.03,5.34,6.7,214,623
P014,2026-09-05,71.07,5.63,7.16,229,665
P014,2026-09-06,79.32,6.09,7.95,254,739
P014,2026-09-07,84.78,6.41,8.47,271,787
P014,2026-09-08,83.53,6.35,8.33,266,774
P014,2026-09-11,67.66,5.49,6.8,217,632
P014,2026-09-12,72.53,5.72,7.33,234,681
P014,2026-09-13,80.61,6.13,8.2,262,762
P014,2026-09-14,85.89,6.39,8.81,281,819
P014,2026-09-15,84.45,6.28,8.74,279,812
P014,2026-09-18,68.01,5.34,7.25,232,674
P014,2026-09-19,72.69,5.6,7.81,249,726
P014,2026-09-20,80.57,6.03,8.73,279,811
P014,2026-09-21,85.66,6.31,9.34,298,868
P014,2026-09-22,84.03,6.23,9.21,294,856
P014,2026-09-25,67.01,5.33,7.39,236,687
P014,2026-09-26,71.51,5.58,7.87,251,731
P014,2026-09-27,79.22,6.02,8.69,278,808
P014,2026-09-28,84.13,6.29,9.19,294,854
P014,2026-09-29,82.33,6.21,8.93,285,830
P014,2026-10-02,64.87,5.31,6.86,219,637
P014,2026-10-03,69.24,5.56,7.26,232,675
P014,2026-10-04,76.83,5.99,7.97,255,741
P014,2026-10-05,81.63,6.27,8.39,268,780
P014,2026-10-06,79.74,6.18,8.13,260,756
P015,2026-04-10,73.73,5.39,8.07,298,524
P015,2026-04-11,82.06,5.75,8.92,330,579
P015,2026-04-12,91.63,6.16,9.9,366,643
P015,2026-04-13,95.07,6.31,10.18,376,661
P015,2026-04-14,89.67,6.09,9.52,352,618
P015,2026-04-16,71.87,5.34,7.49,277,486
P015,2026-04-17,72.75,5.38,7.51,277,488
P015,2026-04-18,81.32,5.74,8.32,307,540
P015,2026-04-19,91.14,6.18,9.25,342,601
P015,2026-04-20,94.84,6.36,9.56,353,621
P015,2026-04-21,89.68,6.16,8.99,332,584
P015,2026-04-23,72.39,5.47,7.22,267,469
P015,2026-04-24,73.52,5.54,7.34,271,477
P015,2026-04-25,82.34,5.93,8.24,304,535
P015,2026-04-26,92.4,6.32,9.28,343,603
P015,2026-04-27,96.33,6.45,9.73,360,632
P015,2026-04-28,91.41,6.2,9.3,344,604
P015,2026-04-30,74.55,5.41,7.72,285,501
P015,2026-05-01,75.88,5.43,7.93,293,515
P015,2026-05-02,84.89,5.77,8.96,331,582
P015,2026-05-03,95.13,6.19,10.13,374,658
P015,2026-05-04,99.23,6.34,10.66,394,692
P015,2026-05-05,94.46,6.12,10.23,378,664
P015,2026-05-07,77.87,5.39,8.53,315,554
P015,2026-05-08,79.32,5.43,8.72,322,566
P015,2026-05-09,88.43,5.8,9.75,360,633
P015,2026-05-10,98.75,6.21,10.89,402,707
P015,2026-05-11,102.92,6.37,11.33,419,736
P015,2026-05-12,98.2,6.15,10.78,398,700
P015,2026-05-14,81.67,5.42,8.86,327,575
P015,2026-05-15,83.11,5.46,8.95,331,581
P015,2026-05-16,92.2,5.83,9.85,364,640
P015,2026-05-17,102.49,6.24,10.85,401,705
P015,2026-05-18,106.61,6.4,11.18,413,726
P015,2026-05-19,101.83,6.18,10.57,391,687
P015,2026-05-21,85.11,5.45,8.68,321,564
P015,2026-05-22,86.44,5.49,8.75,323,568
P015,2026-05-23,95.4,5.85,9.6,355,624
P015,2026-05-24,105.55,6.27,10.57,391,687
P015,2026-05-25,109.51,6.42,10.93,404,710
P015,2026-05-26,104.56,6.2,10.43,385,677
P015,2026-05-28,87.46,5.47,8.76,324,569
P015,2026-05-29,88.59,5.51,8.91,329,579
P015,2026-05-30,97.34,5.87,9.85,364,640
P015,2026-05-31,107.27,6.28,10.94,404,711
P015,2026-06-01,111.0,6.46,11.42,422,742
P015,2026-06-02,105.81,6.27,10.99,406,714
P015,2026-06-04,88.23,5.58,9.34,345,607
P015,2026-06-05,89.11,5.64,9.52,352,618
P015,2026-06-06,97.61,6.03,10.51,388,683
P015,2026-06-07,107.28,6.46,11.64,430,756
P015,2026-06-08,110.76,6.59,12.1,447,786
P015,2026-06-09,105.32,6.34,11.56,427,751
P015,2026-06-11,87.25,5.54,9.62,355,625
P015,2026-06-12,87.88,5.55,9.68,358,629
P015,2026-06-13,96.15,5.89,10.57,391,687
P015,2026-06-14,105.59,6.27,11.57,428,752
P015,2026-06-15,108.85,6.42,11.86,438,770
P015,2026-06-16,103.19,6.19,11.17,413,726
P015,2026-06-18,84.72,5.44,9.02,333,586
P015,2026-06-19,85.17,5.48,8.99,332,584
P015,2026-06-20,93.27,5.84,9.75,360,633
P015,2026-06-21,102.55,6.24,10.61,392,689
P015,2026-06-22,105.66,6.39,10.84,401,704
P015,2026-06-23,99.88,6.17,10.16,375,660
P015,2026-06-25,81.19,5.41,8.15,301,529
P015,2026-06-26,81.56,5.45,8.16,301,530
P015,2026-06-27,89.58,5.81,8.94,330,581
P015,2026-06-28,98.82,6.21,9.86,364,640
P015,2026-06-29,101.89,6.36,10.18,376,661
P015,2026-06-30,96.09,6.14,9.63,356,625
P015,2026-07-02,77.41,5.38,7.85,290,510
P015,2026-07-03,77.81,5.49,7.96,294,517
P015,2026-07-04,85.89,5.88,8.86,327,575
P015,2026-07-05,95.18,6.31,9.91,366,644
P015,2026-07-06,98.34,6.33,10.34,382,672
P015,2026-07-07,92.64,6.29,9.84,364,639
P015,2026-07-16,72.23,5.42,7.94,293,516
P015,2026-07-17,72.99,5.48,7.99,295,519
P015,2026-07-18,81.45,5.87,8.86,327,575
P015,2026-07-19,91.15,6.31,9.84,364,639
P015,2026-07-20,94.73,6.49,10.15,375,659
P015,2026-07-21,89.46,6.24,9.5,351,617
P015,2026-07-23,71.93,5.44,7.49,277,486
P015,2026-07-24,72.94,5.46,7.53,278,489
P015,2026-07-25,81.66,5.79,8.35,308,542
P015,2026-07-26,91.61,6.18,9.3,344,604
P015,2026-07-27,95.44,6.31,9.62,355,625
P015,2026-07-28,90.41,6.09,9.07,335,589
P015,2026-07-30,73.37,5.35,7.32,270,475
P015,2026-07-31,74.61,5.39,7.45,275,484
P015,2026-08-01,83.54,5.76,8.36,309,543
P015,2026-08-02,93.71,6.17,9.41,348,611
P015,2026-08-03,97.74,6.33,9.87,365,641
P015,2026-08-04,92.92,6.11,9.45,349,614
P015,2026-08-06,76.23,5.37,7.89,291,512
P015,2026-08-07,77.63,5.42,8.11,300,527
P015,2026-08-08,86.71,5.78,9.15,338,594
P015,2026-08-09,97.01,6.2,10.33,382,671
P015,2026-08-10,101.16,6.36,10.87,402,706
P015,2026-08-11,96.43,6.14,10.44,386,678
P015,2026-08-13,79.9,5.4,8.75,323,568
P015,2026-08-14,81.36,5.45,8.95,331,581
P015,2026-08-15,90.48,5.81,9.97,368,648
P015,2026-08-16,100.8,6.23,11.11,411,722
P015,2026-08-17,104.95,6.39,11.55,427,750
P015,2026-08-18,100.21,6.17,11.0,407,715
P015,2026-08-20,83.6,5.43,9.07,335,589
P015,2026-08-21,85.0,5.48,9.16,338,595
P015,2026-08-22,94.04,5.84,10.05,371,653
P015,2026-08-23,104.26,6.26,11.04,408,717
P015,2026-08-24,108.31,6.41,11.36,420,738
P015,2026-08-25,103.44,6.2,10.74,397,698
P015,2026-08-27,86.54,5.51,8.83,326,573
P015,2026-08-28,87.77,5.58,8.89,328,577
P015,2026-08-29,96.63,5.97,9.72,359,631
P015,2026-08-30,106.67,6.41,10.68,395,694
P015,2026-08-31,110.51,6.59,11.03,408,716
P015,2026-09-01,105.44,6.39,10.52,389,683
P015,2026-09-03,88.09,5.6,8.82,326,573
P015,2026-09-04,89.09,5.61,8.96,331,582
P015,2026-09-05,97.71,5.95,9.89,365,642
P015,2026-09-06,107.5,6.34,10.96,405,712
P015,2026-09-07,111.09,6.49,11.43,422,742
P015,2026-09-08,105.77,6.21,10.98,406,713
P015,2026-09-10,87.92,5.57,9.3,344,604
P015,2026-09-11,88.66,5.63,9.47,350,615
P015,2026-09-12,97.03,5.87,10.45,386,679
P015,2026-09-13,106.57,6.45,11.56,427,751
P015,2026-09-14,109.93,6.63,12.0,444,780
P015,2026-09-15,104.36,6.43,11.45,423,744
P015,2026-09-17,86.05,5.45,9.49,351,616
P015,2026-09-18,86.58,5.49,9.54,352,620
P015,2026-09-19,94.75,5.85,10.42,385,677
P015,2026-09-20,104.09,6.26,11.41,422,741
P015,2026-09-21,107.26,6.41,11.69,432,759
P015,2026-09-22,101.52,6.18,10.99,406,714
P015,2026-10-01,79.14,5.4,7.95,294,516
P015,2026-10-02,79.51,5.43,7.95,294,516
P015,2026-10-03,87.55,5.79,8.74,323,568
P015,2026-10-04,96.81,6.2,9.66,357,627
P015,2026-10-05,99.91,6.35,9.98,369,648
P015,2026-10-06,94.15,6.12,9.44,349,613
P016,2026-04-10,40.63,4.81,4.18,91,300
P016,2026-04-15,41.26,4.96,4.12,90,296
P016,2026-04-16,38.97,4.79,3.89,85,280
P016,2026-04-17,41.49,4.95,4.14,91,298
P016,2026-04-22,42.68,4.85,4.39,96,316
P016,2026-04-23,40.48,4.63,4.2,92,302
P016,2026-04-24,43.09,4.82,4.52,99,325
P016,2026-04-29,44.6,4.85,4.87,107,350
P016,2026-04-30,42.45,4.66,4.66,102,335
P016,2026-05-01,45.09,4.85,4.96,109,357
P016,2026-05-06,46.62,4.88,5.08,111,365
P016,2026-05-07,44.45,4.69,4.81,105,346
P016,2026-05-08,47.06,4.88,5.06,111,364
P016,2026-05-13,48.3,4.91,4.96,109,357
P016,2026-05-14,46.05,4.72,4.69,103,337
P016,2026-05-15,48.57,4.9,4.91,108,353
P016,2026-05-20,49.29,4.92,4.92,108,354
P016,2026-05-21,46.91,4.73,4.7,103,338
P016,2026-05-22,49.31,4.92,4.97,109,357
P016,2026-05-27,49.36,5.05,5.19,114,373
P016,2026-05-28,46.85,4.89,4.97,109,357
P016,2026-05-29,49.11,5.09,5.26,115,378
P016,2026-06-03,48.51,4.96,5.34,117,384
P016,2026-06-04,45.88,4.74,5.06,111,364
P016,2026-06-05,48.02,4.9,5.29,116,380
P016,2026-06-10,46.92,4.89,5.03,110,362
P016,2026-06-11,44.21,4.69,4.7,103,338
P016,2026-06-12,46.28,4.87,4.87,107,350
P016,2026-06-17,44.93,4.86,4.53,99,326
P016,2026-06-18,42.19,4.66,4.23,93,304
P016,2026-06-19,44.25,4.84,4.42,97,318
P016,2026-06-24,42.96,4.83,4.34,95,312
P016,2026-06-25,40.26,4.63,4.09,89,294
P016,2026-06-26,42.36,4.81,4.34,95,312
P016,2026-07-01,41.44,4.8,4.45,97,320
P016,2026-07-02,38.83,4.61,4.2,92,302
P016,2026-07-03,41.03,4.79,4.47,98,321
P016,2026-07-08,40.68,4.9,4.48,98,322
P016,2026-07-09,38.2,4.73,4.19,92,301
P016,2026-07-10,40.54,4.94,4.43,97,318
P016,2026-07-15,40.86,4.87,4.29,94,308
P016,2026-07-16,38.52,4.66,4.0,88,288
P016,2026-07-17,40.98,4.82,4.22,92,303
P016,2026-07-22,41.93,4.81,4.19,92,301
P016,2026-07-23,39.7,4.62,3.96,87,285
P016,2026-07-24,42.28,4.81,4.22,92,303
P016,2026-07-29,43.67,4.84,4.49,98,323
P016,2026-07-30,41.51,4.65,4.31,94,310
P016,2026-07-31,44.14,4.84,4.62,101,332
P016,2026-08-05,45.7,4.87,4.99,109,359
P016,2026-08-06,43.54,4.68,4.78,105,344
P016,2026-08-07,46.18,4.87,5.08,111,365
P016,2026-08-12,47.59,4.9,5.19,114,373
P016,2026-08-13,45.38,4.71,4.92,108,354
P016,2026-08-14,47.95,4.9,5.15,113,370
P016,2026-08-19,48.94,4.99,5.02,110,361
P016,2026-08-20,46.62,4.83,4.74,104,341
P016,2026-08-21,49.08,5.04,4.96,109,357
P016,2026-08-26,49.45,5.03,4.94,108,355
P016,2026-08-27,47.0,4.81,4.71,103,339
P016,2026-08-28,49.32,4.97,4.97,109,357
P016,2026-09-02,49.02,4.92,5.15,113,370
P016,2026-09-03,46.43,4.72,4.93,108,354
P016,2026-09-04,48.63,4.91,5.21,114,375
P016,2026-09-09,47.74,4.9,5.26,115,378
P016,2026-09-10,45.05,4.7,4.97,109,357
P016,2026-09-11,47.15,4.88,5.19,114,373
P016,2026-09-16,45.88,4.87,4.92,108,354
P016,2026-09-17,43.14,4.67,4.58,100,329
P016,2026-09-18,45.2,4.85,4.76,104,342
P016,2026-09-23,43.84,4.84,4.42,97,318
P016,2026-09-24,41.12,4.64,4.12,90,296
P016,2026-09-25,43.19,4.82,4.32,95,311
P016,2026-09-30,42.06,4.87,4.25,93,306
P016,2026-10-01,39.41,4.7,4.01,88,288
P016,2026-10-02,41.56,4.9,4.26,93,306
P017,2026-04-10,68.68,5.75,6.86,185,541
P017,2026-04-11,77.59,6.16,7.78,210,614
P017,2026-04-14,72.35,5.77,7.39,199,583
P017,2026-04-15,65.52,5.41,6.75,182,533
P017,2026-04-16,65.02,5.36,6.77,182,534
P017,2026-04-17,71.56,5.67,7.52,203,594
P017,2026-04-18,80.55,6.11,8.54,230,674
P017,2026-04-21,75.48,5.8,8.2,221,647
P017,2026-04-22,68.67,5.44,7.51,202,593
P017,2026-04-23,68.19,5.39,7.49,202,591
P017,2026-04-24,74.73,5.71,8.23,222,650
P017,2026-04-25,83.7,6.14,9.23,249,729
P017,2026-04-28,78.5,5.83,8.59,231,678
P017,2026-04-29,71.63,5.46,7.8,210,616
P017,2026-04-30,71.07,5.42,7.68,207,606
P017,2026-05-01,77.51,5.73,8.31,224,656
P017,2026-05-02,86.37,6.17,9.18,247,725
P017,2026-05-05,80.79,5.85,8.34,225,658
P017,2026-05-06,73.76,5.49,7.55,203,596
P017,2026-05-07,73.04,5.44,7.42,200,586
P017,2026-05-08,79.31,5.75,8.0,216,632
P017,2026-05-09,88.0,6.18,8.83,238,697
P017,2026-05-12,81.84,5.86,8.17,220,645
P017,2026-05-13,74.61,5.49,7.46,201,589
P017,2026-05-14,73.68,5.47,7.4,199,584
P017,2026-05-15,79.74,5.81,8.05,217,635
P017,2026-05-16,88.22,6.26,8.97,242,708
P017,2026-05-19,81.43,6.01,8.5,229,671
P017,2026-05-20,73.99,5.67,7.8,210,616
P017,2026-05-21,72.85,5.59,7.75,209,612
P017,2026-05-22,78.72,5.87,8.45,228,667
P017,2026-05-23,87.0,6.28,9.41,254,743
P017,2026-05-26,79.65,5.89,8.76,236,692
P017,2026-05-27,72.04,5.52,7.94,214,627
P017,2026-05-28,70.74,5.49,7.8,210,616
P017,2026-05-29,76.45,5.72,8.42,227,665
P017,2026-05-30,84.59,6.28,9.29,250,733
P017,2026-06-02,76.88,5.81,8.29,223,654
P017,2026-06-03,69.17,5.67,7.4,199,584
P017,2026-06-04,67.79,5.64,7.18,193,567
P017,2026-06-05,73.43,5.69,7.71,208,609
P017,2026-06-06,81.51,6.12,8.47,228,669
P017,2026-06-16,70.82,5.75,7.12,192,562
P017,2026-06-17,63.21,5.38,6.39,172,504
P017,2026-06-18,61.95,5.33,6.31,170,498
P017,2026-06-19,67.73,5.64,6.96,187,549
P017,2026-06-20,75.98,6.07,7.88,212,622
P017,2026-06-23,68.83,5.73,7.34,198,579
P017,2026-06-24,61.39,5.37,6.61,178,522
P017,2026-06-25,60.3,5.32,6.54,176,516
P017,2026-06-26,66.27,5.65,7.23,195,571
P017,2026-06-27,74.71,6.11,8.19,221,647
P017,2026-06-30,68.17,5.86,7.51,202,593
P017,2026-07-01,60.93,5.52,6.7,180,529
P017,2026-07-02,60.05,5.5,6.58,177,519
P017,2026-07-03,66.23,5.78,7.22,194,570
P017,2026-07-04,74.88,6.19,8.11,218,640
P017,2026-07-07,68.96,5.79,7.28,196,575
P017,2026-07-08,61.93,5.4,6.48,174,511
P017,2026-07-09,61.25,5.33,6.35,171,501
P017,2026-07-10,67.63,5.64,6.94,187,548
P017,2026-07-11,76.46,6.07,7.78,210,614
P017,2026-07-14,71.06,5.76,7.11,191,561
P017,2026-07-15,64.18,5.39,6.41,173,506
P017,2026-07-16,63.64,5.35,6.35,171,501
P017,2026-07-17,70.15,5.66,7.01,189,553
P017,2026-07-18,79.11,6.1,7.93,214,626
P017,2026-07-21,74.0,5.78,7.56,204,597
P017,2026-07-22,67.19,5.42,6.93,187,547
P017,2026-07-23,66.71,5.38,6.94,187,548
P017,2026-07-24,73.27,5.69,7.7,207,608
P017,2026-07-25,82.26,6.13,8.72,235,688
P017,2026-07-28,77.16,5.81,8.39,226,662
P017,2026-07-29,70.33,5.45,7.69,207,607
P017,2026-07-30,69.81,5.41,7.67,207,605
P017,2026-07-31,76.31,5.72,8.4,226,663
P017,2026-08-01,85.23,6.16,9.4,253,742
P017,2026-08-04,79.86,5.84,8.74,235,690
P017,2026-08-05,72.91,5.48,7.94,214,627
P017,2026-08-06,72.27,5.43,7.81,210,616
P017,2026-08-07,78.63,5.74,8.43,227,665
P017,2026-08-08,87.4,6.2,9.29,250,733
P017,2026-08-11,81.52,6.01,8.42,227,665
P017,2026-08-12,74.39,5.7,7.62,205,601
P017,2026-08-13,73.56,5.6,7.47,201,590
P017,2026-08-14,79.73,6.06,8.04,217,635
P017,2026-08-15,88.3,6.49,8.86,239,699
P017,2026-08-18,81.8,6.16,8.16,220,644
P017,2026-08-19,74.46,5.8,7.44,200,587
P017,2026-08-20,73.41,5.47,7.37,198,582
P017,2026-08-21,79.37,5.75,8.01,216,632
P017,2026-08-22,87.73,6.18,8.92,240,704
P017,2026-08-25,80.62,5.85,8.41,227,664
P017,2026-09-03,69.23,5.4,7.63,206,602
P017,2026-09-04,74.89,5.71,8.25,222,651
P017,2026-09-05,82.98,6.13,9.11,245,719
P017,2026-09-08,75.19,5.8,8.11,218,640
P017,2026-09-09,67.47,5.42,7.21,194,569
P017,2026-09-10,66.08,5.37,7.0,189,553
P017,2026-09-11,71.72,5.68,7.53,203,594
P017,2026-09-12,79.81,6.1,8.3,224,655
P017,2026-09-15,72.08,5.77,7.3,197,576
P017,2026-09-16,64.42,5.4,6.49,175,512
P017,2026-09-17,63.1,5.34,6.32,170,499
P017,2026-09-18,68.82,5.65,6.87,185,542
P017,2026-09-19,76.99,6.08,7.68,207,606
P017,2026-09-22,69.61,5.82,7.0,189,553
P017,2026-09-23,62.08,5.48,6.28,169,496
P017,2026-09-24,60.91,5.45,6.21,167,490
P017,2026-09-25,66.79,5.78,6.86,185,541
P017,2026-09-26,75.13,6.24,7.79,210,615
P017,2026-09-29,68.29,5.83,7.29,196,575
P017,2026-09-30,60.96,5.44,6.56,177,518
P017,2026-10-01,59.98,5.37,6.5,175,513
P017,2026-10-02,66.07,5.65,7.21,194,569
P017,2026-10-03,74.62,6.05,8.18,220,646
P017,2026-10-06,68.41,5.73,7.54,203,595
P018,2026-04-10,82.03,5.87,8.64,276,743
P018,2026-04-13,87.74,6.09,9.49,303,816
P018,2026-04-14,79.01,5.66,8.6,275,739
P018,2026-04-15,73.85,5.4,8.09,258,695
P018,2026-04-16,76.5,5.5,8.41,269,723
P018,2026-04-17,85.3,5.9,9.4,300,808
P018,2026-04-20,90.77,6.11,9.97,319,857
P018,2026-04-21,81.93,5.68,8.95,286,769
P018,2026-04-22,76.66,5.42,8.33,266,716
P018,2026-04-23,79.17,5.53,8.54,273,734
P018,2026-04-24,87.82,5.92,9.39,300,807
P018,2026-04-27,92.79,6.13,9.65,308,829
P018,2026-04-28,83.77,5.7,8.63,276,742
P018,2026-04-29,78.3,5.44,8.0,256,688
P018,2026-04-30,80.61,5.54,8.17,261,702
P018,2026-05-01,89.05,5.93,8.97,287,771
P018,2026-05-04,93.37,6.14,9.31,297,800
P018,2026-05-05,84.12,5.73,8.4,268,722
P018,2026-05-06,78.42,5.49,7.85,251,675
P018,2026-05-07,80.51,5.62,8.09,258,695
P018,2026-05-08,88.73,6.04,8.97,287,771
P018,2026-05-11,92.38,6.31,9.58,306,823
P018,2026-05-12,82.91,5.85,8.68,277,746
P018,2026-05-13,77.01,5.55,8.14,260,700
P018,2026-05-14,78.89,5.63,8.41,269,723
P018,2026-05-15,86.92,5.99,9.35,299,804
P018,2026-05-18,90.03,6.11,9.87,315,848
P018,2026-05-19,80.41,5.67,8.85,283,761
P018,2026-05-20,74.36,5.4,8.2,262,705
P018,2026-05-21,76.11,5.5,8.39,268,721
P018,2026-05-22,84.0,5.89,9.24,295,794
P018,2026-05-25,86.83,6.08,9.41,301,809
P018,2026-05-26,77.14,5.64,8.3,265,713
P018,2026-05-27,71.03,5.37,7.58,242,651
P018,2026-05-28,72.74,5.47,7.69,246,661
P018,2026-05-29,80.62,5.86,8.44,270,725
P018,2026-06-01,83.46,6.05,8.5,272,731
P018,2026-06-02,73.81,5.61,7.46,238,641
P018,2026-06-03,67.75,5.34,6.81,217,585
P018,2026-06-04,69.53,5.44,6.96,222,598
P018,2026-06-05,77.48,5.83,7.73,247,664
P018,2026-06-08,80.64,6.02,8.08,258,694
P018,2026-06-09,71.12,5.59,7.16,229,615
P018,2026-06-10,65.21,5.32,6.61,211,568
P018,2026-06-11,67.14,5.42,6.86,219,589
P018,2026-06-12,75.26,5.81,7.75,248,666
P018,2026-06-15,78.98,6.01,8.37,267,719
P018,2026-06-16,69.66,5.57,7.45,238,640
P018,2026-06-17,63.95,5.33,6.9,220,593
P018,2026-06-18,66.1,5.46,7.18,229,617
P018,2026-06-19,74.43,5.88,8.14,260,700
P018,2026-06-22,78.83,6.16,8.69,278,747
P018,2026-06-23,69.73,5.75,7.68,245,660
P018,2026-06-24,64.25,5.46,7.06,225,607
P018,2026-06-25,66.62,5.54,7.29,233,626
P018,2026-06-26,75.18,5.91,8.19,262,704
P018,2026-06-29,80.22,6.04,8.53,272,733
P018,2026-06-30,71.32,5.59,7.51,240,645
P018,2026-07-01,66.04,5.33,6.89,220,592
P018,2026-07-02,68.6,5.43,7.09,226,609
P018,2026-07-03,77.34,5.83,7.92,253,681
P018,2026-07-06,82.85,6.04,8.31,265,714
P018,2026-07-07,74.09,5.61,7.41,237,637
P018,2026-07-08,68.94,5.35,6.88,220,591
P018,2026-07-09,71.6,5.46,7.14,228,614
P018,2026-07-10,80.44,5.86,8.04,257,691
P018,2026-07-13,86.17,6.07,8.75,280,752
P018,2026-07-14,77.45,5.64,7.93,253,681
P018,2026-07-15,72.32,5.38,7.47,239,642
P018,2026-07-16,75.0,5.49,7.82,250,672
P018,2026-07-17,83.83,5.94,8.83,282,759
P018,2026-07-20,89.46,6.1,9.67,309,831
P018,2026-07-21,80.68,5.82,8.78,280,755
P018,2026-07-22,75.47,5.59,8.26,264,710
P018,2026-07-31,88.67,5.98,9.49,303,816
P018,2026-08-03,93.3,6.27,9.7,310,834
P018,2026-08-04,84.15,5.86,8.67,277,745
P018,2026-08-05,78.56,5.62,8.02,256,689
P018,2026-08-06,80.75,5.7,8.18,261,703
P018,2026-08-07,89.08,6.06,8.97,287,771
P018,2026-08-10,93.03,6.18,9.28,296,798
P018,2026-08-11,83.66,5.72,8.35,267,718
P018,2026-08-12,77.84,5.43,7.79,249,669
P018,2026-08-13,79.82,5.53,8.02,256,689
P018,2026-08-14,87.92,5.92,8.89,284,764
P018,2026-08-17,91.26,6.12,9.46,302,813
P018,2026-08-18,81.7,5.68,8.55,273,735
P018,2026-08-19,75.71,5.41,8.0,256,688
P018,2026-08-20,77.51,5.51,8.27,264,711
P018,2026-08-21,85.46,5.9,9.19,294,790
P018,2026-08-24,88.38,6.09,9.69,310,833
P018,2026-08-25,78.71,5.65,8.66,277,744
P018,2026-08-26,72.61,5.38,8.0,256,688
P018,2026-08-27,74.33,5.48,8.19,262,704
P018,2026-08-28,82.2,5.87,9.04,289,777
P018,2026-08-31,85.0,6.06,9.21,294,792
P018,2026-09-01,75.31,5.62,8.1,259,696
P018,2026-09-02,69.22,5.35,7.38,236,634
P018,2026-09-03,70.95,5.45,7.5,240,645
P018,2026-09-04,78.86,5.84,8.25,264,709
P018,2026-09-07,81.84,6.03,8.34,266,717
P018,2026-09-08,72.25,5.6,7.31,233,628
P018,2026-09-09,66.26,5.33,6.66,213,572
P018,2026-09-10,68.11,5.43,6.82,218,586
P018,2026-09-11,76.14,5.84,7.6,243,653
P018,2026-09-14,79.58,6.12,7.97,255,685
P018,2026-09-15,70.16,5.71,7.06,225,607
P018,2026-09-16,64.35,5.47,6.52,208,560
P018,2026-09-17,66.39,5.64,6.78,216,583
P018,2026-09-18,74.63,6.04,7.69,246,661
P018,2026-09-21,78.7,6.23,8.34,266,717
P018,2026-09-22,69.5,5.8,7.43,237,638
P018,2026-09-23,63.92,5.53,6.89,220,592
P018,2026-09-24,66.18,5.41,7.19,230,618
P018,2026-09-25,74.64,6.06,8.16,261,701
P018,2026-09-28,79.39,6.01,8.75,280,752
P018,2026-09-29,70.41,5.58,7.76,248,667
P018,2026-09-30,65.04,5.32,7.15,228,614
P018,2026-10-01,67.52,5.42,7.39,236,635
P018,2026-10-02,76.18,5.82,8.3,265,713
P018,2026-10-05,81.5,6.03,8.67,277,745
P018,2026-10-06,72.69,5.6,7.66,245,658
